t_s,E_collector_V_vsAgAgCl,ECL_photons_m-2_s-1,i_collector_mA_cm-2(anodic+),i_generator_mA_cm-2(cathodic+)
0.000000000000000000e+00,0.000000000000000000e+00,5.320928783178670898e+12,9.080162026462570424e-01,1.656530314014150962e+00
2.000000000000000042e-02,2.000000000000000042e-03,5.665630276676019531e+12,9.081215348706684898e-01,1.656591677294025455e+00
4.000000000000000083e-02,4.000000000000000083e-03,6.031983374291505859e+12,9.082196237071796796e-01,1.656653994958902087e+00
5.999999999999999778e-02,6.000000000000000125e-03,6.419888044831133789e+12,9.083138713204229608e-01,1.656713740702900894e+00
8.000000000000000167e-02,8.000000000000000167e-03,6.830438706190505859e+12,9.084045407399703453e-01,1.656771199556389629e+00
1.000000000000000056e-01,1.000000000000000194e-02,7.264787027272762695e+12,9.084923297329181580e-01,1.656826380968590584e+00
1.199999999999999956e-01,1.200000000000000025e-02,7.724064367524048828e+12,9.085755638704189341e-01,1.656879384688358936e+00
1.400000000000000133e-01,1.400000000000000203e-02,8.209566417565126953e+12,9.086570015884568585e-01,1.656930261823835737e+00
1.600000000000000033e-01,1.600000000000000033e-02,8.722482191814978516e+12,9.087337575688831937e-01,1.656979092077560667e+00
1.799999999999999933e-01,1.799999999999999864e-02,9.264214902965332031e+12,9.088089746579631756e-01,1.657025952753027553e+00
2.000000000000000111e-01,2.000000000000000389e-02,9.836044170283046875e+12,9.088796767799065535e-01,1.657070914956213503e+00
2.200000000000000011e-01,2.200000000000000219e-02,1.043946124306361328e+13,9.089484490574573083e-01,1.657114043203523845e+00
2.399999999999999911e-01,2.400000000000000050e-02,1.107590978762591211e+13,9.090145468029879883e-01,1.657155402510524622e+00
2.600000000000000089e-01,2.600000000000000228e-02,1.174691580566520312e+13,9.090779137631388451e-01,1.657195050810808423e+00
2.800000000000000266e-01,2.800000000000000405e-02,1.245404754859426562e+13,9.091390971932241660e-01,1.657233047005918891e+00
2.999999999999999889e-01,2.999999999999999889e-02,1.319894652126596484e+13,9.091978050030513625e-01,1.657269446928818057e+00
3.200000000000000067e-01,3.200000000000000067e-02,1.398330443313816602e+13,9.092540420377203114e-01,1.657304303458003503e+00
3.400000000000000244e-01,3.400000000000000244e-02,1.480885958910050391e+13,9.093084302150724607e-01,1.657337666364875783e+00
3.599999999999999867e-01,3.599999999999999728e-02,1.567744283581623047e+13,9.093602427495740548e-01,1.657369586747080348e+00
3.800000000000000044e-01,3.800000000000000600e-02,1.659091346127994727e+13,9.094101345119988133e-01,1.657400110121912906e+00
4.000000000000000222e-01,4.000000000000000777e-02,1.755120868633862305e+13,9.094582644925301995e-01,1.657429281020315726e+00
4.199999999999999845e-01,4.200000000000000261e-02,1.856034950411126562e+13,9.095041286857179497e-01,1.657457142464843214e+00
4.400000000000000022e-01,4.400000000000000439e-02,1.962039270189249609e+13,9.095484044755656194e-01,1.657483734519363150e+00
4.600000000000000200e-01,4.600000000000000616e-02,2.073349149480191016e+13,9.095909639843607897e-01,1.657509096026769768e+00
4.799999999999999822e-01,4.800000000000000100e-02,2.190187192544814844e+13,9.096316528025407688e-01,1.657533263953821390e+00
5.000000000000000000e-01,5.000000000000000278e-02,2.312782431451976562e+13,9.096706445932166707e-01,1.657556273168481642e+00
5.200000000000000178e-01,5.200000000000000455e-02,2.441373190490832031e+13,9.097081612236828096e-01,1.657578157350226844e+00
5.400000000000000355e-01,5.400000000000000633e-02,2.576204623595020312e+13,9.097441410093513037e-01,1.657598948024028074e+00
5.600000000000000533e-01,5.600000000000000810e-02,2.717530537420149609e+13,9.097785541257696895e-01,1.657618675276635312e+00
5.799999999999999600e-01,5.799999999999999600e-02,2.865613199224581250e+13,9.098112959495091578e-01,1.657637367649781535e+00
5.999999999999999778e-01,5.999999999999999778e-02,3.020727477376148828e+13,9.098428888260550185e-01,1.657655052080839297e+00
6.199999999999999956e-01,6.199999999999999956e-02,3.183154109954898828e+13,9.098732162863024664e-01,1.657671754171351042e+00
6.400000000000000133e-01,6.400000000000000133e-02,3.353183802731809375e+13,9.099021747087411294e-01,1.657687498128912029e+00
6.600000000000000311e-01,6.600000000000000311e-02,3.531117422906774219e+13,9.099296457512066061e-01,1.657702306826808414e+00
6.800000000000000488e-01,6.800000000000000488e-02,3.717269887750289062e+13,9.099560199059121279e-01,1.657716201090471575e+00
7.000000000000000666e-01,7.000000000000000666e-02,3.911965092991419531e+13,9.099813912415232187e-01,1.657729200804504810e+00
7.199999999999999734e-01,7.199999999999999456e-02,4.115536670526542969e+13,9.100055770725429261e-01,1.657741324872240352e+00
7.399999999999999911e-01,7.399999999999999634e-02,4.328330758202408594e+13,9.100284747228688520e-01,1.657752590779427049e+00
7.600000000000000089e-01,7.600000000000001199e-02,4.550708665958286719e+13,9.100502997119856996e-01,1.657763014404469715e+00
7.800000000000000266e-01,7.800000000000001377e-02,4.783044976232785156e+13,9.100713191221305731e-01,1.657772610349414588e+00
8.000000000000000444e-01,8.000000000000001554e-02,5.025723765159440625e+13,9.100913033337123537e-01,1.657781392512487129e+00
8.200000000000000622e-01,8.200000000000001732e-02,5.279144346929998438e+13,9.101101624284504421e-01,1.657789373435050617e+00
8.399999999999999689e-01,8.400000000000000522e-02,5.543722443772821094e+13,9.101279760237968031e-01,1.657796564346592394e+00
8.599999999999999867e-01,8.600000000000000699e-02,5.819891953915178906e+13,9.101451374848675835e-01,1.657802975085174824e+00
8.800000000000000044e-01,8.800000000000000877e-02,6.108096347502463281e+13,9.101613881742727230e-01,1.657808614884202836e+00
9.000000000000000222e-01,9.000000000000001055e-02,6.408797422948505469e+13,9.101766523135484954e-01,1.657813491708796549e+00
9.200000000000000400e-01,9.200000000000001232e-02,6.722474909489810156e+13,9.101909058495059046e-01,1.657817612351130787e+00
9.400000000000000577e-01,9.400000000000001410e-02,7.049632057723529688e+13,9.102046174315336913e-01,1.657820982010755895e+00
9.599999999999999645e-01,9.600000000000000200e-02,7.390782208045840625e+13,9.102175185933759627e-01,1.657823605540538425e+00
9.799999999999999822e-01,9.800000000000000377e-02,7.746460492563515625e+13,9.102295454353319659e-01,1.657825486491506961e+00
1.000000000000000000e+00,1.000000000000000056e-01,8.117221832104100000e+13,9.102405967204429960e-01,1.657826627363706562e+00
1.020000000000000018e+00,1.020000000000000073e-01,8.503649817693021875e+13,9.102511351494575464e-01,1.657827029038324129e+00
1.040000000000000036e+00,1.040000000000000091e-01,8.906340474183245312e+13,9.102609431864540079e-01,1.657826691985061940e+00
1.060000000000000053e+00,1.060000000000000109e-01,9.325915121542281250e+13,9.102699931962019431e-01,1.657825615412730880e+00
1.080000000000000071e+00,1.080000000000000127e-01,9.763018907828454688e+13,9.102782647742995170e-01,1.657823797447175895e+00
1.100000000000000089e+00,1.100000000000000144e-01,1.021832576431535781e+14,9.102859752140014526e-01,1.657821234913147368e+00
1.120000000000000107e+00,1.120000000000000162e-01,1.069252885503105312e+14,9.102929933284361619e-01,1.657817923894306933e+00
1.140000000000000124e+00,1.140000000000000180e-01,1.118634921132900781e+14,9.102992621208454427e-01,1.657813859317527116e+00
1.159999999999999920e+00,1.159999999999999920e-01,1.170053660846614219e+14,9.103047885891800695e-01,1.657809034955776140e+00
1.179999999999999938e+00,1.179999999999999938e-01,1.223587348359754062e+14,9.103098082926279755e-01,1.657803443269025179e+00
1.199999999999999956e+00,1.199999999999999956e-01,1.279316467255139531e+14,9.103141713601292651e-01,1.657797075989625002e+00
1.219999999999999973e+00,1.219999999999999973e-01,1.337324755477409375e+14,9.103178295326930236e-01,1.657789923636030949e+00
1.239999999999999991e+00,1.239999999999999991e-01,1.397699203682565625e+14,9.103207627916136691e-01,1.657781975588439760e+00
1.260000000000000009e+00,1.260000000000000009e-01,1.460530703251423125e+14,9.103232252942298208e-01,1.657773219897582084e+00
1.280000000000000027e+00,1.280000000000000027e-01,1.525912790398341250e+14,9.103250740316234380e-01,1.657763643591164016e+00
1.300000000000000044e+00,1.300000000000000044e-01,1.593942597697677188e+14,9.103261893678405992e-01,1.657753232511580688e+00
1.320000000000000062e+00,1.320000000000000062e-01,1.664721329312974062e+14,9.103267574850072430e-01,1.657741971431547778e+00
1.340000000000000080e+00,1.340000000000000080e-01,1.738353761063867500e+14,9.103266987026824575e-01,1.657729843828422478e+00
1.360000000000000098e+00,1.360000000000000098e-01,1.814948726053342500e+14,9.103260159954809083e-01,1.657716831970815985e+00
1.380000000000000115e+00,1.380000000000000115e-01,1.894619046265885625e+14,9.103247178040465570e-01,1.657702916789028480e+00
1.400000000000000133e+00,1.400000000000000133e-01,1.977481823975630312e+14,9.103228016538578160e-01,1.657688078062000914e+00
1.419999999999999929e+00,1.419999999999999873e-01,2.063658512934157812e+14,9.103202659425402299e-01,1.657672294237834354e+00
1.439999999999999947e+00,1.439999999999999891e-01,2.153275104176544062e+14,9.103171067925455162e-01,1.657655542459742337e+00
1.459999999999999964e+00,1.459999999999999909e-01,2.246462227430239688e+14,9.103133192207643054e-01,1.657637798580068544e+00
1.479999999999999982e+00,1.479999999999999927e-01,2.343355402457022500e+14,9.103089026277564333e-01,1.657619036942224566e+00
1.500000000000000000e+00,1.500000000000000222e-01,2.444095078177498438e+14,9.103038467860091743e-01,1.657599230605925289e+00
1.520000000000000018e+00,1.520000000000000240e-01,2.548826889529563125e+14,9.102981517173883708e-01,1.657578351167487085e+00
1.540000000000000036e+00,1.540000000000000258e-01,2.657701745690787188e+14,9.102918047748163044e-01,1.657556368767647115e+00
1.560000000000000053e+00,1.560000000000000275e-01,2.770876074035950938e+14,9.102848043612350448e-01,1.657533252084931519e+00
1.580000000000000071e+00,1.580000000000000293e-01,2.888511900113994375e+14,9.102771364498274398e-01,1.657508968281430572e+00
1.600000000000000089e+00,1.600000000000000311e-01,3.010777127174951875e+14,9.102687974836285445e-01,1.657483482936843444e+00
1.620000000000000107e+00,1.620000000000000329e-01,3.137845604128206250e+14,9.102597732811614772e-01,1.657456760077024471e+00
1.640000000000000124e+00,1.640000000000000346e-01,3.269897380824326250e+14,9.102500559773553102e-01,1.657428762091651020e+00
1.660000000000000142e+00,1.660000000000000364e-01,3.407118840976140000e+14,9.102396331631810167e-01,1.657399449718575113e+00
1.679999999999999938e+00,1.680000000000000104e-01,3.549702892875396250e+14,9.102284921551984098e-01,1.657368782012250019e+00
1.699999999999999956e+00,1.700000000000000122e-01,3.697849157479779375e+14,9.102166223075487395e-01,1.657336716306134550e+00
1.719999999999999973e+00,1.720000000000000140e-01,3.851764141084268750e+14,9.102040096328876118e-01,1.657303208167061115e+00
1.739999999999999991e+00,1.740000000000000158e-01,4.011661421959740625e+14,9.101906389858438473e-01,1.657268211364300914e+00
1.760000000000000009e+00,1.760000000000000175e-01,4.177761808425317500e+14,9.101764968625921659e-01,1.657231677834718697e+00
1.780000000000000027e+00,1.780000000000000193e-01,4.350293528588880000e+14,9.101615670870648600e-01,1.657193557643440229e+00
1.800000000000000044e+00,1.800000000000000211e-01,4.529492424916110625e+14,9.101458350720819102e-01,1.657153798950745438e+00
1.820000000000000062e+00,1.820000000000000229e-01,4.715602109886820625e+14,9.101292826541523828e-01,1.657112347973139777e+00
1.840000000000000080e+00,1.840000000000000246e-01,4.908874127656204375e+14,9.101118946904295237e-01,1.657069148948200565e+00
1.860000000000000098e+00,1.860000000000000264e-01,5.109568147981693125e+14,9.100936519001383562e-01,1.657024144098922847e+00
1.880000000000000115e+00,1.880000000000000282e-01,5.317952090237173750e+14,9.100745380778720861e-01,1.656977273605702239e+00
1.900000000000000133e+00,1.900000000000000300e-01,5.534302321711005000e+14,9.100545331287351880e-01,1.656928475564014347e+00
1.919999999999999929e+00,1.920000000000000040e-01,5.758903747796568750e+14,9.100336198054510550e-01,1.656877685967373726e+00
1.939999999999999947e+00,1.940000000000000058e-01,5.992050017563793750e+14,9.100117789236648047e-01,1.656824838664097133e+00
1.959999999999999964e+00,1.960000000000000075e-01,6.234043654352430000e+14,9.099889905283358171e-01,1.656769865330935287e+00
1.979999999999999982e+00,1.980000000000000093e-01,6.485196065561185000e+14,9.099652359464845963e-01,1.656712695461826312e+00
2.000000000000000000e+00,2.000000000000000111e-01,6.745827764751750000e+14,9.099404954532659406e-01,1.656653256332560220e+00
2.020000000000000018e+00,2.020000000000000129e-01,7.016268443372376250e+14,9.099147495674413388e-01,1.656591472990330827e+00
2.040000000000000036e+00,2.040000000000000147e-01,7.296857009682947500e+14,9.098879791839257214e-01,1.656527268229998073e+00
2.060000000000000053e+00,2.060000000000000164e-01,7.587941701681372500e+14,9.098601648919997231e-01,1.656460562581844709e+00
2.080000000000000071e+00,2.080000000000000182e-01,7.889880080055822500e+14,9.098312879672481035e-01,1.656391274310935469e+00
2.100000000000000089e+00,2.100000000000000200e-01,8.203039061001208750e+14,9.098013302321706908e-01,1.656319319415652469e+00
2.120000000000000107e+00,2.120000000000000218e-01,8.527794955469882500e+14,9.097702735351926862e-01,1.656244611616783713e+00
2.140000000000000124e+00,2.140000000000000235e-01,8.864533376062703750e+14,9.097381010715860361e-01,1.656167062381596278e+00
2.160000000000000142e+00,2.160000000000000253e-01,9.213649229000782500e+14,9.097047966216095238e-01,1.656086580927561114e+00
2.180000000000000160e+00,2.180000000000000271e-01,9.575546632593862500e+14,9.096703449329510693e-01,1.656003074241776840e+00
2.200000000000000178e+00,2.200000000000000289e-01,9.950638735303576250e+14,9.096347323818140262e-01,1.655916447125937996e+00
2.220000000000000195e+00,2.220000000000000306e-01,1.033934765650946125e+15,9.095979463669993104e-01,1.655826602210161980e+00
2.240000000000000213e+00,2.240000000000000324e-01,1.074210422160681375e+15,9.095599762128205867e-01,1.655733440017143510e+00
2.260000000000000231e+00,2.260000000000000342e-01,1.115934771386547000e+15,9.095208133129931705e-01,1.655636859018365659e+00
2.280000000000000249e+00,2.280000000000000360e-01,1.159152571008297500e+15,9.094804507908020863e-01,1.655536755674180682e+00
2.300000000000000266e+00,2.300000000000000377e-01,1.203909360239948500e+15,9.094388846740434351e-01,1.655433024546899556e+00
2.319999999999999840e+00,2.319999999999999840e-01,1.250251430502086250e+15,9.093961135919647054e-01,1.655325558368383909e+00
2.339999999999999858e+00,2.339999999999999858e-01,1.298225784550634000e+15,9.093521391065630954e-01,1.655214248135813637e+00
2.359999999999999876e+00,2.359999999999999876e-01,1.347880075146772250e+15,9.093069664900275129e-01,1.655098983253941780e+00
2.379999999999999893e+00,2.379999999999999893e-01,1.399262561744963500e+15,9.092606046037973178e-01,1.654979651637527693e+00
2.399999999999999911e+00,2.399999999999999911e-01,1.452422043332469250e+15,9.092130665198328021e-01,1.654856139867633802e+00
2.419999999999999929e+00,2.419999999999999929e-01,1.507407780787766500e+15,9.091643700914986415e-01,1.654728333371181082e+00
2.439999999999999947e+00,2.439999999999999947e-01,1.564269435395710000e+15,9.091145379960181572e-01,1.654596116564998054e+00
2.459999999999999964e+00,2.459999999999999964e-01,1.623056970403458750e+15,9.090635985742683278e-01,1.654459373084992135e+00
2.479999999999999982e+00,2.479999999999999982e-01,1.683820554676811750e+15,9.090115863049215150e-01,1.654317986008855712e+00
2.500000000000000000e+00,2.500000000000000000e-01,1.746610475820778750e+15,9.089585420577327435e-01,1.654171838060155553e+00
2.520000000000000018e+00,2.520000000000000018e-01,1.811477012981175000e+15,9.089045139621095837e-01,1.654020811905892785e+00
2.540000000000000036e+00,2.540000000000000036e-01,1.878470311920273500e+15,9.088495579872899466e-01,1.653864790438730026e+00
2.560000000000000053e+00,2.560000000000000053e-01,1.947640269616241750e+15,9.087937383346605946e-01,1.653703657052744136e+00
2.580000000000000071e+00,2.580000000000000071e-01,2.019036372436920000e+15,9.087371283923852960e-01,1.653537296020316960e+00
2.600000000000000089e+00,2.600000000000000089e-01,2.092707542816793250e+15,9.086798113810310440e-01,1.653365592844369347e+00
2.620000000000000107e+00,2.620000000000000107e-01,2.168701988646874750e+15,9.086218809076086478e-01,1.653188434611742252e+00
2.640000000000000124e+00,2.640000000000000124e-01,2.247067004071417250e+15,9.085634419971266862e-01,1.653005710454245492e+00
2.660000000000000142e+00,2.660000000000000142e-01,2.327848778952869500e+15,9.085046118689998895e-01,1.652817311995467664e+00
2.680000000000000160e+00,2.680000000000000160e-01,2.411092222380268500e+15,9.084455205108282749e-01,1.652623133758728047e+00
2.700000000000000178e+00,2.700000000000000178e-01,2.496840698451244000e+15,9.083863120455483164e-01,1.652423073776596585e+00
2.720000000000000195e+00,2.720000000000000195e-01,2.585135822751660000e+15,9.083271453515118221e-01,1.652217034078876878e+00
2.740000000000000213e+00,2.740000000000000213e-01,2.676017230547296500e+15,9.082681949461071103e-01,1.652004921227928635e+00
2.760000000000000231e+00,2.760000000000000231e-01,2.769522269433114500e+15,9.082096523812708266e-01,1.651786647022758903e+00
2.780000000000000249e+00,2.780000000000000249e-01,2.865685781839670000e+15,9.081517268047069047e-01,1.651562129020431424e+00
2.800000000000000266e+00,2.800000000000000266e-01,2.964539776172245500e+15,9.080946463663404078e-01,1.651331291293649972e+00
2.819999999999999840e+00,2.819999999999999729e-01,3.066113124618734500e+15,9.080386592979137195e-01,1.651094065139780742e+00
2.839999999999999858e+00,2.839999999999999747e-01,3.170431282912642000e+15,9.079840347808465495e-01,1.650850389739191737e+00
2.859999999999999876e+00,2.859999999999999765e-01,3.277515909390129000e+15,9.079310644684663867e-01,1.650600213040591013e+00
2.879999999999999893e+00,2.879999999999999782e-01,3.387384682999924000e+15,9.078800625136687064e-01,1.650343492211860719e+00
2.899999999999999911e+00,2.899999999999999800e-01,3.500050530716295500e+15,9.078313695966582220e-01,1.650080195313555986e+00
2.919999999999999929e+00,2.919999999999999818e-01,3.615521866210188000e+15,9.077853500029687828e-01,1.649810300938380436e+00
2.939999999999999947e+00,2.939999999999999836e-01,3.733801664362720500e+15,9.077423965635867953e-01,1.649533800255515548e+00
2.959999999999999964e+00,2.959999999999999853e-01,3.854887398082907000e+15,9.077029296088336974e-01,1.649250697220090434e+00
2.979999999999999982e+00,2.979999999999999871e-01,3.978770578954960000e+15,9.076673985560133051e-01,1.648961009605033778e+00
3.000000000000000000e+00,3.000000000000000444e-01,4.105436170990141500e+15,9.076362843019255555e-01,1.648664770318691852e+00
3.020000000000000018e+00,3.020000000000000462e-01,4.234862543515172500e+15,9.076100978740109237e-01,1.648362027690285059e+00
3.040000000000000036e+00,3.040000000000000480e-01,4.367020597482381000e+15,9.075893847353396771e-01,1.648052847277527988e+00
3.060000000000000053e+00,3.060000000000000497e-01,4.501873820453909500e+15,9.075747223547342424e-01,1.647737311999254661e+00
3.080000000000000071e+00,3.080000000000000515e-01,4.639377493760841000e+15,9.075667242723952644e-01,1.647415523775104473e+00
3.100000000000000089e+00,3.100000000000000533e-01,4.779478506647571000e+15,9.075660388502602149e-01,1.647087604131295180e+00
3.120000000000000107e+00,3.120000000000000551e-01,4.922114881479892000e+15,9.075733510135967075e-01,1.646753695220564140e+00
3.140000000000000124e+00,3.140000000000000568e-01,5.067215345489724000e+15,9.075893831637975584e-01,1.646413960820489963e+00
3.160000000000000142e+00,3.160000000000000586e-01,5.214699003912299000e+15,9.076148943711277450e-01,1.646068587291808383e+00
3.180000000000000160e+00,3.180000000000000604e-01,5.364475006013225000e+15,9.076506833726913914e-01,1.645717783973677184e+00
3.200000000000000178e+00,3.200000000000000622e-01,5.516442022956624000e+15,9.076975859833004145e-01,1.645361784913012659e+00
3.220000000000000195e+00,3.220000000000000639e-01,5.670488147724146000e+15,9.077564770477704048e-01,1.645000848770312940e+00
3.240000000000000213e+00,3.240000000000000657e-01,5.826490566201692000e+15,9.078282701009582345e-01,1.644635259656849868e+00
3.260000000000000231e+00,3.260000000000000675e-01,5.984314913428017000e+15,9.079139165045055915e-01,1.644265328855975650e+00
3.280000000000000249e+00,3.280000000000000693e-01,6.143816016569285000e+15,9.080144054251144681e-01,1.643891392743884960e+00
3.300000000000000266e+00,3.300000000000000711e-01,6.304836342040679000e+15,9.081307631299690986e-01,1.643513816842278485e+00
3.320000000000000284e+00,3.320000000000000728e-01,6.467206971793651000e+15,9.082640516343344350e-01,1.643132993288620058e+00
3.339999999999999858e+00,3.340000000000000191e-01,6.630747372485157000e+15,9.084153674591419758e-01,1.642749341429495136e+00
3.359999999999999876e+00,3.360000000000000209e-01,6.795264283549826000e+15,9.085858409603787544e-01,1.642363310590598147e+00
3.379999999999999893e+00,3.380000000000000226e-01,6.960554039576945000e+15,9.087766321241996792e-01,1.641975374491139394e+00
3.399999999999999911e+00,3.400000000000000244e-01,7.126399734674308000e+15,9.089889316386503548e-01,1.641586038032217143e+00
3.419999999999999929e+00,3.420000000000000262e-01,7.292573404310777000e+15,9.092239559718683362e-01,1.641195832222110296e+00
3.439999999999999947e+00,3.440000000000000280e-01,7.458836674849747000e+15,9.094829439243172775e-01,1.640805312777184000e+00
3.459999999999999964e+00,3.460000000000000298e-01,7.624939228279207000e+15,9.097671556373357893e-01,1.640415063225261871e+00
3.479999999999999982e+00,3.480000000000000315e-01,7.790619815372738000e+15,9.100778681105223811e-01,1.640025692484270436e+00
3.500000000000000000e+00,3.500000000000000333e-01,7.955607915760613000e+15,9.104163701198790815e-01,1.639637832570573384e+00
3.520000000000000018e+00,3.520000000000000351e-01,8.119623287094614000e+15,9.107839590605231184e-01,1.639252138919607971e+00
3.540000000000000036e+00,3.540000000000000369e-01,8.282376679634988000e+15,9.111819352947909678e-01,1.638869286971160522e+00
3.560000000000000053e+00,3.560000000000000386e-01,8.443570382286694000e+15,9.116115982503855131e-01,1.638489972782195991e+00
3.580000000000000071e+00,3.580000000000000404e-01,8.602900071702880000e+15,9.120742396321614986e-01,1.638114908957515770e+00
3.600000000000000089e+00,3.600000000000000422e-01,8.760054349614804000e+15,9.125711391881232704e-01,1.637744824588093007e+00
3.620000000000000107e+00,3.620000000000000440e-01,8.914717041777103000e+15,9.131035569824520470e-01,1.637380460650310399e+00
3.640000000000000124e+00,3.640000000000000457e-01,9.066567225226070000e+15,9.136727286601955544e-01,1.637022569678388662e+00
3.660000000000000142e+00,3.660000000000000475e-01,9.215281254890076000e+15,9.142798574165622583e-01,1.636671911017556269e+00
3.680000000000000160e+00,3.680000000000000493e-01,9.360532544222586000e+15,9.149261096426268836e-01,1.636329251348977776e+00
3.700000000000000178e+00,3.700000000000000511e-01,9.501995936034200000e+15,9.156126035138661967e-01,1.635995355274245000e+00
3.720000000000000195e+00,3.720000000000000528e-01,9.639344986654424000e+15,9.163404077538050974e-01,1.635670990339645359e+00
3.740000000000000213e+00,3.740000000000000546e-01,9.772256794852714000e+15,9.171105294231324256e-01,1.635356916611222733e+00
3.760000000000000231e+00,3.760000000000000564e-01,9.900411656553868000e+15,9.179239096266391673e-01,1.635053887086795443e+00
3.780000000000000249e+00,3.780000000000000582e-01,1.002349479402808600e+16,9.187814160905591887e-01,1.634762643884593913e+00
3.800000000000000266e+00,3.800000000000000600e-01,1.014119893758622000e+16,9.196838346150281174e-01,1.634483912581728760e+00
3.820000000000000284e+00,3.820000000000000617e-01,1.025322400582661200e+16,9.206318650043728846e-01,1.634218401965059186e+00
3.839999999999999858e+00,3.840000000000000080e-01,1.035928078875482800e+16,9.216261109084212810e-01,1.633966796472776650e+00
3.859999999999999876e+00,3.860000000000000098e-01,1.045909055391225200e+16,9.226670772121201569e-01,1.633729756216712348e+00
3.879999999999999893e+00,3.880000000000000115e-01,1.055238774568854600e+16,9.237551611981069666e-01,1.633507911200391849e+00
3.899999999999999911e+00,3.900000000000000133e-01,1.063892105215906400e+16,9.248906486321798459e-01,1.633301858499466075e+00
3.919999999999999929e+00,3.920000000000000151e-01,1.071845476553646400e+16,9.260737082901137063e-01,1.633112159177022793e+00
3.939999999999999947e+00,3.940000000000000169e-01,1.079077023011707400e+16,9.273043870117418930e-01,1.632939334950828769e+00
3.959999999999999964e+00,3.960000000000000187e-01,1.085566758095953400e+16,9.285826069252127724e-01,1.632783863824311066e+00
3.979999999999999982e+00,3.980000000000000204e-01,1.091296516912174200e+16,9.299081608544979005e-01,1.632646181462981572e+00
4.000000000000000000e+00,4.000000000000000222e-01,1.096250356057152400e+16,9.312807109806875427e-01,1.632526671984996458e+00
4.020000000000000462e+00,4.020000000000000795e-01,1.100414375617365600e+16,9.326997865082308214e-01,1.632425671782058441e+00
4.040000000000000036e+00,4.040000000000000258e-01,1.103776902812301600e+16,9.341647825096422997e-01,1.632343465302598773e+00
4.060000000000000497e+00,4.060000000000000830e-01,1.106328729089396600e+16,9.356749602836069712e-01,1.632280279675935919e+00
4.080000000000000071e+00,4.080000000000000293e-01,1.108062717670805200e+16,9.372294474337559134e-01,1.632236293017860884e+00
4.099999999999999645e+00,4.099999999999999756e-01,1.108974493407986000e+16,9.388272397163609506e-01,1.632211619513673329e+00
4.120000000000000107e+00,4.120000000000000329e-01,1.109061853800639200e+16,9.404672032244043578e-01,1.632206321776799030e+00
4.139999999999999680e+00,4.139999999999999791e-01,1.108325127411247800e+16,9.421480772746756438e-01,1.632220403178241241e+00
4.160000000000000142e+00,4.160000000000000364e-01,1.106767251094746800e+16,9.438684778890424898e-01,1.632253806146879871e+00
4.179999999999999716e+00,4.179999999999999827e-01,1.104393235739264200e+16,9.456269020329999275e-01,1.632306423515535343e+00
4.200000000000000178e+00,4.200000000000000400e-01,1.101210823130458000e+16,9.474217459086636817e-01,1.632378084852880828e+00
4.219999999999999751e+00,4.219999999999999862e-01,1.097229833715094400e+16,9.492512757927353828e-01,1.632468569443246809e+00
4.240000000000000213e+00,4.240000000000000435e-01,1.092462641936289200e+16,9.511136784243687803e-01,1.632577597462332220e+00
4.259999999999999787e+00,4.259999999999999898e-01,1.086923874594349600e+16,9.530070527976242101e-01,1.632704835970529400e+00
4.280000000000000249e+00,4.280000000000000471e-01,1.080629620525047000e+16,9.549293800088612949e-01,1.632849914804436198e+00
4.299999999999999822e+00,4.299999999999999933e-01,1.073599121295175600e+16,9.568786117448839779e-01,1.633012393044598998e+00
4.320000000000000284e+00,4.320000000000000506e-01,1.065852550309995600e+16,9.588526003772427364e-01,1.633191804279503501e+00
4.339999999999999858e+00,4.339999999999999969e-01,1.057411998956287000e+16,9.608491400631435919e-01,1.633387636697605005e+00
4.360000000000000320e+00,4.360000000000000542e-01,1.048302337069649200e+16,9.628660126136532327e-01,1.633599315716659062e+00
4.379999999999999893e+00,4.380000000000000004e-01,1.038547584094419600e+16,9.649008944200374582e-01,1.633826280733482905e+00
4.400000000000000355e+00,4.400000000000000577e-01,1.028175714753178400e+16,9.669515005309792244e-01,1.634067883288848666e+00
4.419999999999999929e+00,4.420000000000000040e-01,1.017215010145720400e+16,9.690155050827240490e-01,1.634323464989843488e+00
4.440000000000000391e+00,4.440000000000000613e-01,1.005693669159001400e+16,9.710905372166667160e-01,1.634592365909982359e+00
4.459999999999999964e+00,4.460000000000000075e-01,9.936423147409530000e+15,9.731742642481066019e-01,1.634873871748963037e+00
4.480000000000000426e+00,4.480000000000000648e-01,9.810917455635378000e+15,9.752643506527892692e-01,1.635167262040592817e+00
4.500000000000000000e+00,4.500000000000000111e-01,9.680734425491264000e+15,9.773584762264186931e-01,1.635471799346979171e+00
4.520000000000000462e+00,4.520000000000000684e-01,9.546193693415418000e+15,9.794543458462110497e-01,1.635786734562009404e+00
4.540000000000000036e+00,4.540000000000000147e-01,9.407617588437888000e+15,9.815497015573976247e-01,1.636111313848720883e+00
4.560000000000000497e+00,4.560000000000000719e-01,9.265330076945384000e+15,9.836423194978809459e-01,1.636444777246232052e+00
4.580000000000000071e+00,4.580000000000000182e-01,9.119656248570302000e+15,9.857300337997427775e-01,1.636786360245163552e+00
4.600000000000000533e+00,4.600000000000000755e-01,8.970919545339366000e+15,9.878107290565388832e-01,1.637135301786284414e+00
4.620000000000000107e+00,4.620000000000000218e-01,8.819440921276313000e+15,9.898823497726347842e-01,1.637490846307596115e+00
4.639999999999999680e+00,4.639999999999999680e-01,8.665538714197595000e+15,9.919429161925854554e-01,1.637852245421375752e+00
4.660000000000000142e+00,4.660000000000000253e-01,8.509525014300809000e+15,9.939905088247977805e-01,1.638218762651578286e+00
4.679999999999999716e+00,4.679999999999999716e-01,8.351707842463988000e+15,9.960232967370254986e-01,1.638589672460595281e+00
4.700000000000000178e+00,4.700000000000000289e-01,8.192387320151425000e+15,9.980395220501220299e-01,1.638964266992784191e+00
4.719999999999999751e+00,4.719999999999999751e-01,8.031855689819284000e+15,1.000037508189035584e+00,1.639341856301965716e+00
4.740000000000000213e+00,4.740000000000000324e-01,7.870398864589259000e+15,1.002015680714868129e+00,1.639721764942404736e+00
4.759999999999999787e+00,4.759999999999999787e-01,7.708290745382648000e+15,1.003972533202861950e+00,1.640103345235421894e+00
4.780000000000000249e+00,4.780000000000000360e-01,7.545798033444730000e+15,1.005906667880096084e+00,1.640485966637067694e+00
4.799999999999999822e+00,4.799999999999999822e-01,7.383175883651650000e+15,1.007816770169753351e+00,1.640869025101563849e+00
4.820000000000000284e+00,4.820000000000000395e-01,7.220668444340816000e+15,1.009701614913939949e+00,1.641251942217904158e+00
4.839999999999999858e+00,4.839999999999999858e-01,7.058510381452311000e+15,1.011560081579088610e+00,1.641634162391171881e+00
4.860000000000000320e+00,4.860000000000000431e-01,6.896922596143425000e+15,1.013391123261617732e+00,1.642015161560727465e+00
4.879999999999999893e+00,4.879999999999999893e-01,6.736117059636639000e+15,1.015193805308138630e+00,1.642394437095674009e+00
4.900000000000000355e+00,4.900000000000000466e-01,6.576291907107887000e+15,1.016967266305814466e+00,1.642771518628234784e+00
4.919999999999999929e+00,4.919999999999999929e-01,6.417634125956099000e+15,1.018710738207760702e+00,1.643145962026875795e+00
4.940000000000000391e+00,4.940000000000000502e-01,6.260319868294822000e+15,1.020423548986145734e+00,1.643517348674234935e+00
4.959999999999999964e+00,4.959999999999999964e-01,6.104511697663051000e+15,1.022105094724206964e+00,1.643885291869753518e+00
4.980000000000000426e+00,4.980000000000000537e-01,5.950362717026962000e+15,1.023754873374881802e+00,1.644249427437526112e+00
5.000000000000000000e+00,5.000000000000000000e-01,5.798012635554527000e+15,1.025372445787161357e+00,1.644609422644701002e+00
5.020000000000000462e+00,5.020000000000001128e-01,5.647590755380490000e+15,1.026957457347495106e+00,1.644964969410432243e+00
5.040000000000000036e+00,5.040000000000000036e-01,5.499215570832171000e+15,1.028509630226623672e+00,1.645315785245046403e+00
5.060000000000000497e+00,5.060000000000001164e-01,5.352993878868087000e+15,1.030028748424200113e+00,1.645661615358553265e+00
5.080000000000000071e+00,5.080000000000000071e-01,5.209023391171521000e+15,1.031514677363136734e+00,1.646002226356863885e+00
5.100000000000000533e+00,5.100000000000001199e-01,5.067390209072269000e+15,1.032967332757424694e+00,1.646337412570225478e+00
5.120000000000000107e+00,5.120000000000000107e-01,4.928171346146902000e+15,1.034386697728441495e+00,1.646666989825626759e+00
5.139999999999999680e+00,5.140000000000000124e-01,4.791434999512761000e+15,1.035772819712219350e+00,1.646990794853056439e+00
5.160000000000000142e+00,5.160000000000000142e-01,4.657239232866363000e+15,1.037125790470931452e+00,1.647308688693362555e+00
5.179999999999999716e+00,5.180000000000000160e-01,4.525634307771627000e+15,1.038445758638438354e+00,1.647620550508326787e+00
5.200000000000000178e+00,5.200000000000000178e-01,4.396661920667238000e+15,1.039732919218300689e+00,1.647926280077687933e+00
5.219999999999999751e+00,5.220000000000000195e-01,4.270355844572394000e+15,1.040987511322881032e+00,1.648225796151406630e+00
5.240000000000000213e+00,5.240000000000000213e-01,4.146742937202798000e+15,1.042209816037692027e+00,1.648519033896060249e+00
5.259999999999999787e+00,5.260000000000000231e-01,4.025842660813129500e+15,1.043400154168972804e+00,1.648805946321629579e+00
5.280000000000000249e+00,5.280000000000000249e-01,3.907668048198204000e+15,1.044558880057283590e+00,1.649086501671322536e+00
5.299999999999999822e+00,5.300000000000000266e-01,3.792226011036758500e+15,1.045686377708796133e+00,1.649360682654028576e+00
5.320000000000000284e+00,5.320000000000000284e-01,3.679517712154320000e+15,1.046783068559996588e+00,1.649628486155750196e+00
5.339999999999999858e+00,5.340000000000000302e-01,3.569538806564770500e+15,1.047849389159001721e+00,1.649889921915780322e+00
5.360000000000000320e+00,5.360000000000000320e-01,3.462280100746076500e+15,1.048885807763803912e+00,1.650145011511977344e+00
5.379999999999999893e+00,5.380000000000000338e-01,3.357727837676114000e+15,1.049892817297268577e+00,1.650393787568354087e+00
5.400000000000000355e+00,5.400000000000000355e-01,3.255863662271345500e+15,1.050870910962204308e+00,1.650636293549884837e+00
5.419999999999999929e+00,5.420000000000000373e-01,3.156665796997145500e+15,1.051820622802309035e+00,1.650872581523967764e+00
5.440000000000000391e+00,5.440000000000000391e-01,3.060108728947057000e+15,1.052742494047790078e+00,1.651102712493023983e+00
5.459999999999999964e+00,5.460000000000000409e-01,2.966163213630081000e+15,1.053637054803286732e+00,1.651326756198365331e+00
5.480000000000000426e+00,5.480000000000000426e-01,2.874797804742238000e+15,1.054504880389398602e+00,1.651544788197788716e+00
5.500000000000000000e+00,5.500000000000000444e-01,2.785978039326162000e+15,1.055346538228456810e+00,1.651756891232620150e+00
5.520000000000000462e+00,5.520000000000000462e-01,2.699666771808286000e+15,1.056162586142116666e+00,1.651963154510074805e+00
5.540000000000000036e+00,5.540000000000000480e-01,2.615825441891497000e+15,1.056953621118024822e+00,1.652163671000685508e+00
5.560000000000000497e+00,5.560000000000000497e-01,2.534413107618148000e+15,1.057720218804593326e+00,1.652358539373788293e+00
5.580000000000000071e+00,5.580000000000000515e-01,2.455387135037563000e+15,1.058462951969012078e+00,1.652547862490263864e+00
5.600000000000000533e+00,5.600000000000000533e-01,2.378704072891725000e+15,1.059182424609033557e+00,1.652731745508641437e+00
5.620000000000000107e+00,5.620000000000000551e-01,2.304318610117270000e+15,1.059879205831191218e+00,1.652910298069017347e+00
5.639999999999999680e+00,5.639999999999999458e-01,2.232184695728613000e+15,1.060553875457596273e+00,1.653083631823461630e+00
5.660000000000000142e+00,5.660000000000000586e-01,2.162255835500722750e+15,1.061207032407026185e+00,1.653251859753661179e+00
5.679999999999999716e+00,5.679999999999999494e-01,2.094484102343531500e+15,1.061839226693029659e+00,1.653415098358133051e+00
5.700000000000000178e+00,5.700000000000000622e-01,2.028821699193142500e+15,1.062451038598504205e+00,1.653573464124797443e+00
5.719999999999999751e+00,5.719999999999999529e-01,1.965220579205561250e+15,1.063043050269341538e+00,1.653727074370408445e+00
5.740000000000000213e+00,5.740000000000000657e-01,1.903631785295110500e+15,1.063615793565179102e+00,1.653876048722163983e+00
5.759999999999999787e+00,5.759999999999999565e-01,1.844006922499403250e+15,1.064169833145789168e+00,1.654020505771616856e+00
5.780000000000000249e+00,5.780000000000000693e-01,1.786297434973698000e+15,1.064705714484114996e+00,1.654160564741496753e+00
5.799999999999999822e+00,5.799999999999999600e-01,1.730454822505481000e+15,1.065223969308764618e+00,1.654296345021812886e+00
5.820000000000000284e+00,5.820000000000000728e-01,1.676431090393777750e+15,1.065725140034167406e+00,1.654427965035655035e+00
5.839999999999999858e+00,5.839999999999999636e-01,1.624178178647625250e+15,1.066209732490517537e+00,1.654555543492615355e+00
5.860000000000000320e+00,5.860000000000000764e-01,1.573648718225304750e+15,1.066678264087993488e+00,1.654679197786766975e+00
5.879999999999999893e+00,5.879999999999999671e-01,1.524795798701611250e+15,1.067131242557896043e+00,1.654799044502425431e+00
5.900000000000000355e+00,5.900000000000000799e-01,1.477572834665910750e+15,1.067569148980070048e+00,1.654915199842478257e+00
5.919999999999999929e+00,5.919999999999999707e-01,1.431934124853858000e+15,1.067992477713715971e+00,1.655027778092054147e+00
5.940000000000000391e+00,5.940000000000000835e-01,1.387834406630641000e+15,1.068401696690792546e+00,1.655136892810042060e+00
5.959999999999999964e+00,5.959999999999999742e-01,1.345229183408252000e+15,1.068797269735492161e+00,1.655242656046803207e+00
5.980000000000000426e+00,5.980000000000000870e-01,1.304074777393080750e+15,1.069179658871331151e+00,1.655345178226624414e+00
6.000000000000000000e+00,6.000000000000000888e-01,1.264328057183568250e+15,1.069549295964436819e+00,1.655444568774798508e+00
6.020000000000000462e+00,6.020000000000000906e-01,1.225946921110043500e+15,1.069906624555685415e+00,1.655540935001758474e+00
6.040000000000000036e+00,6.040000000000000924e-01,1.188889954462713750e+15,1.070252066181396788e+00,1.655634382959529916e+00
6.060000000000000497e+00,6.060000000000000941e-01,1.153116580426007750e+15,1.070586031811071592e+00,1.655725017072814165e+00
6.080000000000000071e+00,6.080000000000000959e-01,1.118587217765231625e+15,1.070908936849942261e+00,1.655812939725044952e+00
6.100000000000000533e+00,6.100000000000000977e-01,1.085262937318758250e+15,1.071221165060534997e+00,1.655898252165213025e+00
6.120000000000000107e+00,6.120000000000000995e-01,1.053105842917096750e+15,1.071523106063412278e+00,1.655981053556769611e+00
6.140000000000000568e+00,6.140000000000001013e-01,1.022078942563964000e+15,1.071815142699569900e+00,1.656061441315020089e+00
6.160000000000000142e+00,6.160000000000001030e-01,9.921459706475100000e+14,1.072097630291840131e+00,1.656139511593913927e+00
6.179999999999999716e+00,6.179999999999999938e-01,9.632717292602493750e+14,1.072370934516029273e+00,1.656215358393050563e+00
6.200000000000000178e+00,6.200000000000001066e-01,9.354218507278546250e+14,1.072635405842835565e+00,1.656289074203098455e+00
6.219999999999999751e+00,6.219999999999999973e-01,9.085627783448572500e+14,1.072891376948231112e+00,1.656360750067547682e+00
6.240000000000000213e+00,6.240000000000001101e-01,8.826619596645255000e+14,1.073139185875534807e+00,1.656430475088865872e+00
6.259999999999999787e+00,6.260000000000000009e-01,8.576876454239692500e+14,1.073379154340873498e+00,1.656498336989912445e+00
6.280000000000000249e+00,6.280000000000001137e-01,8.336089506545918750e+14,1.073611595252601525e+00,1.656564421958143685e+00
6.299999999999999822e+00,6.300000000000000044e-01,8.103959107131798750e+14,1.073836820937419834e+00,1.656628814493882107e+00
6.320000000000000284e+00,6.320000000000001172e-01,7.880193241189127500e+14,1.074055126086574274e+00,1.656691597883585887e+00
6.339999999999999858e+00,6.340000000000000080e-01,7.664508814654492500e+14,1.074266804178684254e+00,1.656752853835095518e+00
6.360000000000000320e+00,6.360000000000001208e-01,7.456630996314185000e+14,1.074472141862506946e+00,1.656812662685787085e+00
6.379999999999999893e+00,6.380000000000000115e-01,7.256292448456741250e+14,1.074671412754257593e+00,1.656871103671429424e+00
6.400000000000000355e+00,6.400000000000001243e-01,7.063234575744370000e+14,1.074864891085696827e+00,1.656928254509889786e+00
6.419999999999999929e+00,6.420000000000000151e-01,6.877206524508780000e+14,1.075052843909751088e+00,1.656984191750204172e+00
6.440000000000000391e+00,6.440000000000001279e-01,6.697964215968576250e+14,1.075235524346278781e+00,1.657038991115864501e+00
6.459999999999999964e+00,6.460000000000000187e-01,6.525271860177382500e+14,1.075413185736814992e+00,1.657092726985256004e+00
6.480000000000000426e+00,6.480000000000001315e-01,6.358901020227725000e+14,1.075586075231621974e+00,1.657145472722468371e+00
6.500000000000000000e+00,6.500000000000000222e-01,6.198630120964642500e+14,1.075754433488427031e+00,1.657197300908616056e+00
6.520000000000000462e+00,6.520000000000001350e-01,6.044244609163311250e+14,1.075918495573441547e+00,1.657248283255509325e+00
6.540000000000000036e+00,6.540000000000000258e-01,5.895537064215545000e+14,1.076078490910905128e+00,1.657298490532424395e+00
6.560000000000000497e+00,6.560000000000001386e-01,5.752306594579778750e+14,1.076234644756232317e+00,1.657347992866430975e+00
6.580000000000000071e+00,6.580000000000000293e-01,5.614358662852853125e+14,1.076387180989265335e+00,1.657396859827979352e+00
6.600000000000000533e+00,6.600000000000001421e-01,5.481505329634575000e+14,1.076536312872552026e+00,1.657445160243441240e+00
6.620000000000000107e+00,6.620000000000000329e-01,5.353564762248523750e+14,1.076682250152645404e+00,1.657492962476670995e+00
6.640000000000000568e+00,6.640000000000001457e-01,5.230361105462963750e+14,1.076825209497556779e+00,1.657540334611737887e+00
6.660000000000000142e+00,6.660000000000000364e-01,5.111724402234017500e+14,1.076965390211446882e+00,1.657587344203432567e+00
6.679999999999999716e+00,6.680000000000000382e-01,4.997490364988464375e+14,1.077102989239806075e+00,1.657634058569659619e+00
6.700000000000000178e+00,6.700000000000000400e-01,4.887500296197488750e+14,1.077238214224832458e+00,1.657680544950451473e+00
6.719999999999999751e+00,6.720000000000000417e-01,4.781600813501185000e+14,1.077371258000195731e+00,1.657726870380423545e+00
6.740000000000000213e+00,6.740000000000000435e-01,4.679643728287161875e+14,1.077502307397118830e+00,1.657773101850439135e+00
6.759999999999999787e+00,6.760000000000000453e-01,4.581486049835330625e+14,1.077631560184885817e+00,1.657819306488497180e+00
6.780000000000000249e+00,6.780000000000000471e-01,4.486989672461800000e+14,1.077759209753370140e+00,1.657865551546606753e+00
6.799999999999999822e+00,6.800000000000000488e-01,4.396021081413453125e+14,1.077885429228065961e+00,1.657911904406993653e+00
6.820000000000000284e+00,6.820000000000000506e-01,4.308451389017415625e+14,1.078010389085420684e+00,1.657958432771429402e+00
6.839999999999999858e+00,6.840000000000000524e-01,4.224156555073776250e+14,1.078134296136856518e+00,1.658005204919205777e+00
6.860000000000000320e+00,6.860000000000000542e-01,4.143016728251023125e+14,1.078257343125445189e+00,1.658052289548808123e+00
6.879999999999999893e+00,6.880000000000000560e-01,4.064915962008768750e+14,1.078379689837693167e+00,1.658099755799185449e+00
6.900000000000000355e+00,6.900000000000000577e-01,3.989742444731587500e+14,1.078501501598111201e+00,1.658147673517509801e+00
6.919999999999999929e+00,6.920000000000000595e-01,3.917388792581101875e+14,1.078622987969455993e+00,1.658196113533341842e+00
6.940000000000000391e+00,6.940000000000000613e-01,3.847751128537676875e+14,1.078744331975962645e+00,1.658245147406197884e+00
6.959999999999999964e+00,6.960000000000000631e-01,3.780729016531385625e+14,1.078865691655465309e+00,1.658294847548103634e+00
6.980000000000000426e+00,6.980000000000000648e-01,3.716225641344455000e+14,1.078987228214748351e+00,1.658345287453955708e+00
7.000000000000000000e+00,7.000000000000000666e-01,3.654148250720901875e+14,1.079109164078823735e+00,1.658396542048965916e+00
7.020000000000000462e+00,7.020000000000000684e-01,3.594406939039271875e+14,1.079231676130151252e+00,1.658448687303928137e+00
7.040000000000000036e+00,7.040000000000000702e-01,3.536914868380468125e+14,1.079354924620848921e+00,1.658501800484887045e+00
7.060000000000000497e+00,7.060000000000000719e-01,3.481588351649965625e+14,1.079479072649115023e+00,1.658555960341966173e+00
7.080000000000000071e+00,7.080000000000000737e-01,3.428347416987477500e+14,1.079604356405783783e+00,1.658611247590273008e+00
7.100000000000000533e+00,7.100000000000000755e-01,3.377114337070069375e+14,1.079730947988478018e+00,1.658667744281762335e+00
7.120000000000000107e+00,7.120000000000000773e-01,3.327814158870635000e+14,1.079859015360391750e+00,1.658725534256290546e+00
7.140000000000000568e+00,7.140000000000000790e-01,3.280374648581470000e+14,1.079988726708644764e+00,1.658784703277224493e+00
7.160000000000000142e+00,7.160000000000000808e-01,3.234726956500063125e+14,1.080120339377241390e+00,1.658845339664832608e+00
7.179999999999999716e+00,7.179999999999999716e-01,3.190803946120541250e+14,1.080254023138064845e+00,1.658907533365268083e+00
7.200000000000000178e+00,7.200000000000000844e-01,3.148541015479980000e+14,1.080389958988844601e+00,1.658971376677412568e+00
7.219999999999999751e+00,7.219999999999999751e-01,3.107875891836735000e+14,1.080528325728404848e+00,1.659036964296830563e+00
7.240000000000000213e+00,7.240000000000000879e-01,3.068749269333913125e+14,1.080669389574694605e+00,1.659104394044851771e+00
7.259999999999999787e+00,7.259999999999999787e-01,3.031103329086514375e+14,1.080813336748542408e+00,1.659173765849956350e+00
7.280000000000000249e+00,7.280000000000000915e-01,2.994882540927644375e+14,1.080960377345948187e+00,1.659245182603982016e+00
7.299999999999999822e+00,7.299999999999999822e-01,2.960033481123663125e+14,1.081110733176354088e+00,1.659318750291335132e+00
7.320000000000000284e+00,7.320000000000000950e-01,2.926504687233037500e+14,1.081264629567001423e+00,1.659394578026212042e+00
7.339999999999999858e+00,7.339999999999999858e-01,2.894246472831827500e+14,1.081422279982125589e+00,1.659472778009648319e+00
7.360000000000000320e+00,7.360000000000000986e-01,2.863211026077539375e+14,1.081583907189297200e+00,1.659553465937474215e+00
7.379999999999999893e+00,7.379999999999999893e-01,2.833352658607003750e+14,1.081749793166153051e+00,1.659636761477334188e+00
7.400000000000000355e+00,7.400000000000001021e-01,2.804626927330931562e+14,1.081920158818280520e+00,1.659722787528123522e+00
7.419999999999999929e+00,7.419999999999999929e-01,2.776991140223768438e+14,1.082095246280319056e+00,1.659811671001452327e+00
7.440000000000000391e+00,7.440000000000001057e-01,2.750404385366951875e+14,1.082275333525908767e+00,1.659903543303090867e+00
7.459999999999999964e+00,7.459999999999999964e-01,2.724827125967717500e+14,1.082460683663075685e+00,1.659998539811367468e+00
7.480000000000000426e+00,7.480000000000001092e-01,2.700221235020191875e+14,1.082651556527425951e+00,1.660096800239767800e+00
7.500000000000000000e+00,7.500000000000000000e-01,2.676550097275610312e+14,1.082848234002677490e+00,1.660198469129538834e+00
7.520000000000000462e+00,7.520000000000001128e-01,2.653778582835896562e+14,1.083051027197150074e+00,1.660303696085811964e+00
7.540000000000000036e+00,7.540000000000000036e-01,2.631872640111960312e+14,1.083260214749747430e+00,1.660412635269546966e+00
7.560000000000000497e+00,7.560000000000001164e-01,2.610799534637277188e+14,1.083476090824075033e+00,1.660525446158698015e+00
7.580000000000000071e+00,7.580000000000000071e-01,2.590528007914599062e+14,1.083699008142601672e+00,1.660642294325841650e+00
7.600000000000000533e+00,7.600000000000001199e-01,2.571027681377503750e+14,1.083929272736013694e+00,1.660763350239465641e+00
7.620000000000000107e+00,7.620000000000000107e-01,2.552269371837653125e+14,1.084167211580594259e+00,1.660888790395983916e+00
7.640000000000000568e+00,7.640000000000001235e-01,2.534225104545202188e+14,1.084413183995849739e+00,1.661018797768708311e+00
7.660000000000000142e+00,7.660000000000000142e-01,2.516867932585594688e+14,1.084667556498233099e+00,1.661153561596766526e+00
7.679999999999999716e+00,7.680000000000000160e-01,2.500171797056554688e+14,1.084930681181206502e+00,1.661293277302333227e+00
7.700000000000000178e+00,7.700000000000000178e-01,2.484111656906629062e+14,1.085202928856483506e+00,1.661438147268571530e+00
7.719999999999999751e+00,7.720000000000000195e-01,2.468663633392510000e+14,1.085484734263760354e+00,1.661588381769199430e+00
7.740000000000000213e+00,7.740000000000000213e-01,2.453804470621982812e+14,1.085776480842325586e+00,1.661744197385691235e+00
7.759999999999999787e+00,7.760000000000000231e-01,2.439511848780600625e+14,1.086078578816560558e+00,1.661905818527532830e+00
7.780000000000000249e+00,7.780000000000000249e-01,2.425764388648330625e+14,1.086391476262301925e+00,1.662073477950522404e+00
7.799999999999999822e+00,7.800000000000000266e-01,2.412541504766963125e+14,1.086715633417571603e+00,1.662247416507048881e+00
7.820000000000000284e+00,7.820000000000000284e-01,2.399823278497104062e+14,1.087051497178654680e+00,1.662427882987104200e+00
7.839999999999999858e+00,7.840000000000000302e-01,2.387590577537494375e+14,1.087399537820930018e+00,1.662615135092112340e+00
7.860000000000000320e+00,7.860000000000000320e-01,2.375825162588080000e+14,1.087760288107853190e+00,1.662809440452431620e+00
7.879999999999999893e+00,7.880000000000000338e-01,2.364509271773953125e+14,1.088134239453611096e+00,1.663011074924284127e+00
7.900000000000000355e+00,7.900000000000000355e-01,2.353625860458538125e+14,1.088521912060542052e+00,1.663220324268289474e+00
7.919999999999999929e+00,7.920000000000000373e-01,2.343158607895550312e+14,1.088923866753951142e+00,1.663437484719916259e+00
7.940000000000000391e+00,7.940000000000000391e-01,2.333091805890561250e+14,1.089340681794892518e+00,1.663662862785280527e+00
7.959999999999999964e+00,7.960000000000000409e-01,2.323410250617469375e+14,1.089772926251848517e+00,1.663896775056395771e+00
7.980000000000000426e+00,7.980000000000000426e-01,2.314099333584225000e+14,1.090221193707767711e+00,1.664139549222838799e+00
8.000000000000000000e+00,8.000000000000000444e-01,2.305145191893807812e+14,1.090686227082952486e+00,1.664391525250382475e+00
8.019999999999999574e+00,7.980000000000000426e-01,2.313991637147407188e+14,1.090271923378132390e+00,1.664230806927904593e+00
8.040000000000000924e+00,7.959999999999999298e-01,2.323296974558947188e+14,1.089821518604684902e+00,1.663984993194258077e+00
8.060000000000000497e+00,7.940000000000000391e-01,2.332973279707278750e+14,1.089387129644977303e+00,1.663747905107322733e+00
8.080000000000000071e+00,7.920000000000000373e-01,2.343034220780071250e+14,1.088968123697818147e+00,1.663519435207455599e+00
8.099999999999999645e+00,7.900000000000000355e-01,2.353495450341014688e+14,1.088564101676845919e+00,1.663299342567707173e+00
8.120000000000000995e+00,7.879999999999999227e-01,2.364372509877350938e+14,1.088174400000973208e+00,1.663087273871085570e+00
8.140000000000000568e+00,7.860000000000000320e-01,2.375681884584590000e+14,1.087798497597887826e+00,1.662882916547533396e+00
8.160000000000000142e+00,7.840000000000000302e-01,2.387440488335595938e+14,1.087435832655410106e+00,1.662685980698202615e+00
8.179999999999999716e+00,7.820000000000000284e-01,2.399665975927409375e+14,1.087085892001760312e+00,1.662496195835008184e+00
8.199999999999999289e+00,7.800000000000001377e-01,2.412376978701168750e+14,1.086748252854111696e+00,1.662313296170675470e+00
8.220000000000000639e+00,7.780000000000000249e-01,2.425592739913410938e+14,1.086422462066368055e+00,1.662137020398602782e+00
8.240000000000000213e+00,7.760000000000000231e-01,2.439331216154817188e+14,1.086107604764043000e+00,1.661967097096889834e+00
8.259999999999999787e+00,7.740000000000000213e-01,2.453615995294322812e+14,1.085803942872627381e+00,1.661803312236344921e+00
8.279999999999999361e+00,7.720000000000001306e-01,2.468466333113603438e+14,1.085510525504073787e+00,1.661645407064832103e+00
8.300000000000000711e+00,7.700000000000000178e-01,2.483904518157732812e+14,1.085226948995051455e+00,1.661493154814199347e+00
8.320000000000000284e+00,7.680000000000000160e-01,2.499955576766632812e+14,1.084953218122874707e+00,1.661346357660959949e+00
8.339999999999999858e+00,7.660000000000000142e-01,2.516640133238089062e+14,1.084688210889801052e+00,1.661204771223778298e+00
8.359999999999999432e+00,7.640000000000001235e-01,2.533986657777285000e+14,1.084432282110374901e+00,1.661068220444646526e+00
8.380000000000000782e+00,7.620000000000000107e-01,2.552019638264189688e+14,1.084184753186682393e+00,1.660936496800830664e+00
8.400000000000000355e+00,7.600000000000000089e-01,2.570766226578278125e+14,1.083945300123262623e+00,1.660809407306192087e+00
8.419999999999999929e+00,7.580000000000000071e-01,2.590254566569984688e+14,1.083713595109089489e+00,1.660686765676077981e+00
8.439999999999999503e+00,7.560000000000001164e-01,2.610513266852736875e+14,1.083489210996693819e+00,1.660568396558755655e+00
8.460000000000000853e+00,7.540000000000000036e-01,2.631572079672273750e+14,1.083271742190161868e+00,1.660454130087655189e+00
8.480000000000000426e+00,7.520000000000000018e-01,2.653463909353796875e+14,1.083061125790084400e+00,1.660343790814855058e+00
8.500000000000000000e+00,7.500000000000000000e-01,2.676220810739473125e+14,1.082856949751405118e+00,1.660237220697224902e+00
8.519999999999999574e+00,7.480000000000001092e-01,2.699876072503305625e+14,1.082658817189292133e+00,1.660134267130186414e+00
8.540000000000000924e+00,7.459999999999999964e-01,2.724464655387988438e+14,1.082466404697699947e+00,1.660034780461790094e+00
8.560000000000000497e+00,7.439999999999999947e-01,2.750024996638885938e+14,1.082279709753239505e+00,1.659938603796599965e+00
8.580000000000000071e+00,7.419999999999999929e-01,2.776593757757963125e+14,1.082098252146959982e+00,1.659845602716050639e+00
8.599999999999999645e+00,7.400000000000001021e-01,2.804209866859420312e+14,1.081921691983027456e+00,1.659755642404740161e+00
8.620000000000000995e+00,7.379999999999999893e-01,2.832914884309996250e+14,1.081749854781406395e+00,1.659668587998064382e+00
8.640000000000000568e+00,7.359999999999999876e-01,2.862752458862428750e+14,1.081582629457110922e+00,1.659584306718880686e+00
8.660000000000000142e+00,7.339999999999999858e-01,2.893765499135636875e+14,1.081419592009551289e+00,1.659502679009182469e+00
8.679999999999999716e+00,7.320000000000000950e-01,2.925999207159509375e+14,1.081260417768340698e+00,1.659423586591608268e+00
8.700000000000001066e+00,7.299999999999999822e-01,2.959502723592313750e+14,1.081105058562281451e+00,1.659346907679535521e+00
8.720000000000000639e+00,7.279999999999999805e-01,2.994325472974565625e+14,1.080953269981767217e+00,1.659272528920295198e+00
8.740000000000000213e+00,7.259999999999999787e-01,3.030518435989278125e+14,1.080804775413968688e+00,1.659200341236549248e+00
8.759999999999999787e+00,7.240000000000000879e-01,3.068134911372104375e+14,1.080659347407714632e+00,1.659130237517783657e+00
8.779999999999999361e+00,7.220000000000000862e-01,3.107230596145021875e+14,1.080516805856816420e+00,1.659062114353494266e+00
8.800000000000000711e+00,7.199999999999999734e-01,3.147862814136335625e+14,1.080376915913930036e+00,1.658995870300337572e+00
8.820000000000000284e+00,7.179999999999999716e-01,3.190091186122415000e+14,1.080239461187276762e+00,1.658931406853201951e+00
8.839999999999999858e+00,7.160000000000000808e-01,3.233977673855312500e+14,1.080104237116574550e+00,1.658868628238673093e+00
8.859999999999999432e+00,7.140000000000000790e-01,3.279586915518943750e+14,1.079971074416775867e+00,1.658807441751652956e+00
8.880000000000000782e+00,7.119999999999999662e-01,3.326985448162766875e+14,1.079839751639949608e+00,1.658747756032934006e+00
8.900000000000000355e+00,7.099999999999999645e-01,3.376242460799279375e+14,1.079710064482111820e+00,1.658689482178741681e+00
8.919999999999999929e+00,7.080000000000000737e-01,3.427429928389970000e+14,1.079581829103102741e+00,1.658632533812493648e+00
8.939999999999999503e+00,7.060000000000000719e-01,3.480622661115304375e+14,1.079454875156966587e+00,1.658576826882958599e+00
8.960000000000000853e+00,7.039999999999999591e-01,3.535897849493933125e+14,1.079328993735263698e+00,1.658522278306413300e+00
8.980000000000000426e+00,7.019999999999999574e-01,3.593335674117714375e+14,1.079203988204463283e+00,1.658468807050707428e+00
9.000000000000000000e+00,7.000000000000000666e-01,3.653019652944780000e+14,1.079079692135325397e+00,1.658416333885645910e+00
9.019999999999999574e+00,6.980000000000000648e-01,3.715036281516007500e+14,1.078955927752885291e+00,1.658364781012202638e+00
9.040000000000000924e+00,6.959999999999999520e-01,3.779474981580753750e+14,1.078832495162161065e+00,1.658314071859691596e+00
9.060000000000000497e+00,6.939999999999999503e-01,3.846428553984996250e+14,1.078709201083903002e+00,1.658264131157590526e+00
9.080000000000000071e+00,6.920000000000000595e-01,3.915993758686056875e+14,1.078585894114625576e+00,1.658214885397257365e+00
9.099999999999999645e+00,6.900000000000000577e-01,3.988270420289332500e+14,1.078462383088526710e+00,1.658166261657043616e+00
9.120000000000000995e+00,6.879999999999999449e-01,4.063361983942025000e+14,1.078338474139521885e+00,1.658118187973786961e+00
9.140000000000000568e+00,6.859999999999999432e-01,4.141375694076508125e+14,1.078213974856558011e+00,1.658070593309969087e+00
9.160000000000000142e+00,6.840000000000000524e-01,4.222423415099229375e+14,1.078088741444132248e+00,1.658023408084070338e+00
9.179999999999999716e+00,6.820000000000000506e-01,4.306620192132853125e+14,1.077962566939798084e+00,1.657976562657774267e+00
9.200000000000001066e+00,6.799999999999999378e-01,4.394085460410687500e+14,1.077835259519170918e+00,1.657929988230300467e+00
9.220000000000000639e+00,6.779999999999999361e-01,4.484943004558150000e+14,1.077706629317143783e+00,1.657883616549871375e+00
9.240000000000000213e+00,6.760000000000000453e-01,4.579321587822740000e+14,1.077576518633500013e+00,1.657837380075681377e+00
9.259999999999999787e+00,6.740000000000000435e-01,4.677353818134598125e+14,1.077444718662289080e+00,1.657791211237149342e+00
9.279999999999999361e+00,6.720000000000001528e-01,4.779177220466462500e+14,1.077311031602626645e+00,1.657745042823033588e+00
9.300000000000000711e+00,6.699999999999999289e-01,4.884934396622080000e+14,1.077175270047090017e+00,1.657698807905654492e+00
9.320000000000000284e+00,6.680000000000000382e-01,4.994773096376836875e+14,1.077037250189339268e+00,1.657652439717222093e+00
9.339999999999999858e+00,6.660000000000000364e-01,5.108845812663607500e+14,1.076896759281935401e+00,1.657605871278753806e+00
9.359999999999999432e+00,6.640000000000001457e-01,5.227310460760811250e+14,1.076753588015423757e+00,1.657559035592991226e+00
9.380000000000000782e+00,6.619999999999999218e-01,5.350330871942906250e+14,1.076607549471718217e+00,1.657511865728977796e+00
9.400000000000000355e+00,6.600000000000000311e-01,5.478076189050341250e+14,1.076458432451908198e+00,1.657464294364890289e+00
9.419999999999999929e+00,6.580000000000000293e-01,5.610721238030327500e+14,1.076306015818102590e+00,1.657416253815953811e+00
9.439999999999999503e+00,6.560000000000001386e-01,5.748446856035652500e+14,1.076150078083707440e+00,1.657367676040524485e+00
9.460000000000000853e+00,6.539999999999999147e-01,5.891440474667160000e+14,1.075990420939822112e+00,1.657318492765853080e+00
9.480000000000000426e+00,6.520000000000000240e-01,6.039895214528392500e+14,1.075826806036392913e+00,1.657268634897969495e+00
9.500000000000000000e+00,6.500000000000000222e-01,6.194010790925153750e+14,1.075658999571542207e+00,1.657218032804464114e+00
9.519999999999999574e+00,6.480000000000001315e-01,6.353993598026286250e+14,1.075486768365978119e+00,1.657166616220633770e+00
9.540000000000000924e+00,6.459999999999999076e-01,6.520056975328630000e+14,1.075309885332786930e+00,1.657114314243187225e+00
9.560000000000000497e+00,6.440000000000000169e-01,6.692420866729666250e+14,1.075128095610469625e+00,1.657061054935795141e+00
9.580000000000000071e+00,6.420000000000000151e-01,6.871312396543181250e+14,1.074941144929937309e+00,1.657006765521646940e+00
9.599999999999999645e+00,6.400000000000001243e-01,7.056966002502908750e+14,1.074748782765396538e+00,1.656951372412837076e+00
9.620000000000000995e+00,6.379999999999999005e-01,7.249623499010370000e+14,1.074550748596518002e+00,1.656894800955040381e+00
9.640000000000000568e+00,6.360000000000000098e-01,7.449534199895015000e+14,1.074346768063838553e+00,1.656836975290813196e+00
9.660000000000000142e+00,6.340000000000000080e-01,7.656955151795643750e+14,1.074136562660380489e+00,1.656777818441908412e+00
9.679999999999999716e+00,6.320000000000001172e-01,7.872150982890390000e+14,1.073919861103351803e+00,1.656717252607143420e+00
9.700000000000001066e+00,6.299999999999998934e-01,8.095394609796681250e+14,1.073696367252035433e+00,1.656655198256799633e+00
9.720000000000000639e+00,6.280000000000000027e-01,8.326967007800565000e+14,1.073465782127928758e+00,1.656591574637278352e+00
9.740000000000000213e+00,6.260000000000000009e-01,8.567157434649075000e+14,1.073227799271653460e+00,1.656526299590689977e+00
9.759999999999999787e+00,6.240000000000001101e-01,8.816262885229020000e+14,1.072982109348878499e+00,1.656459289939032686e+00
9.779999999999999361e+00,6.220000000000001084e-01,9.074588737493970000e+14,1.072728395475472496e+00,1.656390461086534982e+00
9.800000000000000711e+00,6.199999999999999956e-01,9.342449790007502500e+14,1.072466327127241881e+00,1.656319726361447753e+00
9.820000000000000284e+00,6.179999999999999938e-01,9.620169205497448750e+14,1.072195569143417515e+00,1.656246997743348270e+00
9.839999999999999858e+00,6.160000000000001030e-01,9.908078701887766250e+14,1.071915777530832781e+00,1.656172185680198083e+00
9.859999999999999432e+00,6.140000000000001013e-01,1.020651594832749750e+15,1.071626587050670043e+00,1.656095200104676035e+00
9.880000000000000782e+00,6.119999999999999885e-01,1.051583117406082625e+15,1.071327643282269371e+00,1.656015947825988377e+00
9.900000000000000355e+00,6.099999999999999867e-01,1.083638224225969000e+15,1.071018578184491421e+00,1.655934334458017076e+00
9.919999999999999929e+00,6.080000000000000959e-01,1.116853605195774750e+15,1.070699017110319229e+00,1.655850263858083649e+00
9.939999999999999503e+00,6.060000000000000941e-01,1.151266450159207250e+15,1.070368550068192537e+00,1.655763639359139727e+00
9.960000000000000853e+00,6.039999999999999813e-01,1.186915040317779500e+15,1.070026777167254251e+00,1.655674361919955428e+00
9.980000000000000426e+00,6.019999999999999796e-01,1.223838683550760750e+15,1.069673302180961905e+00,1.655582330305833239e+00
1.000000000000000000e+01,6.000000000000000888e-01,1.262077462635417250e+15,1.069307715349106624e+00,1.655487441848962904e+00
1.001999999999999957e+01,5.980000000000000870e-01,1.301672111847070000e+15,1.068929584717190018e+00,1.655389592739590965e+00
1.004000000000000092e+01,5.959999999999999742e-01,1.342663632391230250e+15,1.068538432237997160e+00,1.655288679079251590e+00
1.006000000000000050e+01,5.939999999999999725e-01,1.385094731973981500e+15,1.068133842139975531e+00,1.655184592839118007e+00
1.008000000000000007e+01,5.920000000000000817e-01,1.429008580961264750e+15,1.067715367818297789e+00,1.655077225310368716e+00
1.009999999999999964e+01,5.900000000000000799e-01,1.474449144140124000e+15,1.067282559232015648e+00,1.654966466155147753e+00
1.012000000000000099e+01,5.879999999999999671e-01,1.521459838049794500e+15,1.066834871657500683e+00,1.654852206894927180e+00
1.014000000000000057e+01,5.859999999999999654e-01,1.570085985805392000e+15,1.066371848134043843e+00,1.654734334472320656e+00
1.016000000000000014e+01,5.840000000000000746e-01,1.620373370204340250e+15,1.065893013457706484e+00,1.654612735009212354e+00
1.017999999999999972e+01,5.820000000000000728e-01,1.672368281675491500e+15,1.065397882498994919e+00,1.654487293658690961e+00
1.020000000000000107e+01,5.799999999999999600e-01,1.726116861854518500e+15,1.064885922522057493e+00,1.654357896203263678e+00
1.022000000000000064e+01,5.779999999999999583e-01,1.781665133570986250e+15,1.064356566790171321e+00,1.654224428961538651e+00
1.024000000000000021e+01,5.760000000000000675e-01,1.839060724639392500e+15,1.063809326397330723e+00,1.654086774476828836e+00
1.025999999999999979e+01,5.740000000000000657e-01,1.898351058897033250e+15,1.063243678100661782e+00,1.653944815996901685e+00
1.027999999999999936e+01,5.720000000000000639e-01,1.959583180350804500e+15,1.062659062788007480e+00,1.653798437892424644e+00
1.030000000000000071e+01,5.699999999999999512e-01,2.022803835999745750e+15,1.062054901880286062e+00,1.653647525431298337e+00
1.032000000000000028e+01,5.680000000000000604e-01,2.088060735795068000e+15,1.061430675019217507e+00,1.653491961617356676e+00
1.033999999999999986e+01,5.660000000000000586e-01,2.155401117014752500e+15,1.060785841106723026e+00,1.653331630745518144e+00
1.035999999999999943e+01,5.640000000000000568e-01,2.224870977125996750e+15,1.060119809392997769e+00,1.653166420067358144e+00
1.038000000000000078e+01,5.619999999999999440e-01,2.296515368767847500e+15,1.059431970162097558e+00,1.652996219113335830e+00
1.040000000000000036e+01,5.600000000000000533e-01,2.370380321830255000e+15,1.058721796500793344e+00,1.652820915290220682e+00
1.041999999999999993e+01,5.580000000000000515e-01,2.446510571009851500e+15,1.057988735080498843e+00,1.652640399070690380e+00
1.043999999999999950e+01,5.560000000000000497e-01,2.524948775710355000e+15,1.057232183420557359e+00,1.652454565962638622e+00
1.046000000000000085e+01,5.539999999999999369e-01,2.605736009725063500e+15,1.056451529706166292e+00,1.652263315305968039e+00
1.048000000000000043e+01,5.520000000000000462e-01,2.688913749243865500e+15,1.055646247728720066e+00,1.652066545421390753e+00
1.050000000000000000e+01,5.500000000000000444e-01,2.774521343307650000e+15,1.054815790559044286e+00,1.651864159742965299e+00
1.051999999999999957e+01,5.480000000000000426e-01,2.862594940047660500e+15,1.053959562003393469e+00,1.651656069132500182e+00
1.054000000000000092e+01,5.459999999999999298e-01,2.953168267995913000e+15,1.053076967421681776e+00,1.651442190131854115e+00
1.056000000000000050e+01,5.440000000000000391e-01,3.046274759728245000e+15,1.052167503958478800e+00,1.651222440175096340e+00
1.058000000000000007e+01,5.420000000000000373e-01,3.141944631811669000e+15,1.051230653887019972e+00,1.650996744201721267e+00
1.059999999999999964e+01,5.400000000000000355e-01,3.240203566202905500e+15,1.050265853721985998e+00,1.650765037623109777e+00
1.062000000000000099e+01,5.379999999999999227e-01,3.341073826652926000e+15,1.049272554668133184e+00,1.650527263850620985e+00
1.064000000000000057e+01,5.360000000000000320e-01,3.444576382397379500e+15,1.048250303627823454e+00,1.650283369555512136e+00
1.066000000000000014e+01,5.340000000000000302e-01,3.550727695593751000e+15,1.047198641184175827e+00,1.650033311906059508e+00
1.067999999999999972e+01,5.320000000000000284e-01,3.659538587580830000e+15,1.046117082244874652e+00,1.649777061048163018e+00
1.070000000000000107e+01,5.299999999999999156e-01,3.771014891740818000e+15,1.045005157186364775e+00,1.649514598735835280e+00
1.072000000000000064e+01,5.280000000000000249e-01,3.885159327251875500e+15,1.043862480226018796e+00,1.649245914283052228e+00
1.074000000000000021e+01,5.260000000000000231e-01,4.001968605366744000e+15,1.042688671328453109e+00,1.648971010970087692e+00
1.075999999999999979e+01,5.240000000000000213e-01,4.121433076136091000e+15,1.041483359813489384e+00,1.648689906954300621e+00
1.077999999999999936e+01,5.220000000000000195e-01,4.243538055925652500e+15,1.040246243246920610e+00,1.648402632295310255e+00
1.080000000000000071e+01,5.200000000000000178e-01,4.368262337143572500e+15,1.038977051681147623e+00,1.648109232399306290e+00
1.082000000000000028e+01,5.180000000000000160e-01,4.495576599590172000e+15,1.037675519106336930e+00,1.647809770706260890e+00
1.083999999999999986e+01,5.160000000000000142e-01,4.625444985377193000e+15,1.036341444942684431e+00,1.647504326365928140e+00
1.085999999999999943e+01,5.140000000000000124e-01,4.757824519999015000e+15,1.034974688689469513e+00,1.647192995454234365e+00
1.088000000000000078e+01,5.120000000000000107e-01,4.892663784842917000e+15,1.033575145613384150e+00,1.646875893639173638e+00
1.090000000000000036e+01,5.100000000000000089e-01,5.029902419304477000e+15,1.032142746482908491e+00,1.646553157607523632e+00
1.091999999999999993e+01,5.080000000000000071e-01,5.169472093278949000e+15,1.030677506141196353e+00,1.646224942733920837e+00
1.093999999999999950e+01,5.060000000000000053e-01,5.311295079284077000e+15,1.029179490533459251e+00,1.645891426550382786e+00
1.096000000000000085e+01,5.040000000000000036e-01,5.455284100028300000e+15,1.027648810994023831e+00,1.645552807903478909e+00
1.098000000000000043e+01,5.020000000000000018e-01,5.601342070427226000e+15,1.026085660496492080e+00,1.645209309676030518e+00
1.100000000000000000e+01,5.000000000000000000e-01,5.749361677798467000e+15,1.024490296840829817e+00,1.644861178595590445e+00
1.101999999999999957e+01,4.980000000000000537e-01,5.899225602243991000e+15,1.022863046589605140e+00,1.644508684493646289e+00
1.104000000000000092e+01,4.959999999999999409e-01,6.050806069894092000e+15,1.021204308592055021e+00,1.644152121522632459e+00
1.106000000000000050e+01,4.939999999999999947e-01,6.203963529623732000e+15,1.019514559051146518e+00,1.643791812065142466e+00
1.108000000000000007e+01,4.919999999999999929e-01,6.358547605054650000e+15,1.017794351961052390e+00,1.643428103731143342e+00
1.109999999999999964e+01,4.900000000000000466e-01,6.514399510558115000e+15,1.016044333676307421e+00,1.643061363338522041e+00
1.112000000000000099e+01,4.879999999999999338e-01,6.671345291786110000e+15,1.014265215244624097e+00,1.642691994103818276e+00
1.114000000000000057e+01,4.859999999999999876e-01,6.829200311178941000e+15,1.012457795264195992e+00,1.642320424219049668e+00
1.116000000000000014e+01,4.839999999999999858e-01,6.987769679265693000e+15,1.010622964583367089e+00,1.641947105995855027e+00
1.117999999999999972e+01,4.820000000000000395e-01,7.146852425611897000e+15,1.008761725175119528e+00,1.641572505806774940e+00
1.120000000000000107e+01,4.799999999999999267e-01,7.306228252617889000e+15,1.006875123480579948e+00,1.641197136043396343e+00
1.122000000000000064e+01,4.779999999999999805e-01,7.465667850647274000e+15,1.004964304777252959e+00,1.640821530273300466e+00
1.124000000000000021e+01,4.759999999999999787e-01,7.624934708262172000e+15,1.003030521448253332e+00,1.640446239036268405e+00
1.125999999999999979e+01,4.740000000000000324e-01,7.783785739163363000e+15,1.001075128763012412e+00,1.640071828316253644e+00
1.127999999999999936e+01,4.720000000000000862e-01,7.941958635352582000e+15,9.990995199006871275e-01,1.639698909621255751e+00
1.130000000000000071e+01,4.699999999999999734e-01,8.099183850717325000e+15,9.971051863509050595e-01,1.639328111480122585e+00
1.132000000000000028e+01,4.679999999999999716e-01,8.255186574686986000e+15,9.950937215116612000e-01,1.638960076762333573e+00
1.133999999999999986e+01,4.660000000000000253e-01,8.409695285725251000e+15,9.930668478515596309e-01,1.638595445084432001e+00
1.135999999999999943e+01,4.640000000000000790e-01,8.562411173653062000e+15,9.910262706600189153e-01,1.638234903178016122e+00
1.138000000000000078e+01,4.619999999999999662e-01,8.713035401010581000e+15,9.889738044179499088e-01,1.637879146986741974e+00
1.140000000000000036e+01,4.599999999999999645e-01,8.861272734187425000e+15,9.869113751261087142e-01,1.637528887502783803e+00
1.141999999999999993e+01,4.580000000000000182e-01,9.006814482760853000e+15,9.848409291402830945e-01,1.637184836430632728e+00
1.143999999999999950e+01,4.560000000000000719e-01,9.149352239868618000e+15,9.827644912927875342e-01,1.636847715210044241e+00
1.146000000000000085e+01,4.539999999999999591e-01,9.288575205499320000e+15,9.806841441430170780e-01,1.636518254079520673e+00
1.148000000000000043e+01,4.519999999999999574e-01,9.424171821987572000e+15,9.786020183238436365e-01,1.636197186076625343e+00
1.150000000000000000e+01,4.500000000000000111e-01,9.555831855252352000e+15,9.765202894894253749e-01,1.635885239538917180e+00
1.151999999999999957e+01,4.480000000000000648e-01,9.683244448113120000e+15,9.744411643271740919e-01,1.635583145646364311e+00
1.154000000000000092e+01,4.459999999999999520e-01,9.806098696935368000e+15,9.723668746077216429e-01,1.635291637729681113e+00
1.156000000000000050e+01,4.439999999999999503e-01,9.924102452889652000e+15,9.702996990459643589e-01,1.635011403434814214e+00
1.158000000000000007e+01,4.420000000000000040e-01,1.003694949671553400e+16,9.682418915815442784e-01,1.634743165101870899e+00
1.159999999999999964e+01,4.400000000000000577e-01,1.014435703962312200e+16,9.661957417270544690e-01,1.634487590544309921e+00
1.162000000000000099e+01,4.379999999999999449e-01,1.024604500944080600e+16,9.641635212405542665e-01,1.634245340936097746e+00
1.164000000000000057e+01,4.359999999999999432e-01,1.034173701281703400e+16,9.621474803949283672e-01,1.634017069206869621e+00
1.166000000000000014e+01,4.339999999999999969e-01,1.043118613677417000e+16,9.601498766802478713e-01,1.633803363491610483e+00
1.167999999999999972e+01,4.320000000000000506e-01,1.051413564119412600e+16,9.581728990137641233e-01,1.633604830723490497e+00
1.170000000000000107e+01,4.299999999999999378e-01,1.059035970947201600e+16,9.562187245733231311e-01,1.633422009019447119e+00
1.172000000000000064e+01,4.279999999999999361e-01,1.065964486897351400e+16,9.542894741247855972e-01,1.633255407555948224e+00
1.174000000000000021e+01,4.259999999999999898e-01,1.072179071074098200e+16,9.523872063288963963e-01,1.633105504727989654e+00
1.175999999999999979e+01,4.240000000000000435e-01,1.077661596363729400e+16,9.505139188208285850e-01,1.632972734589927200e+00
1.177999999999999936e+01,4.220000000000000973e-01,1.082396025129795400e+16,9.486715308012698689e-01,1.632857482990922593e+00
1.180000000000000071e+01,4.199999999999999289e-01,1.086368309711621400e+16,9.468618800742861774e-01,1.632760089297206729e+00
1.182000000000000028e+01,4.179999999999999827e-01,1.089565992133577400e+16,9.450867228453896374e-01,1.632680854272690496e+00
1.183999999999999986e+01,4.160000000000000364e-01,1.091979446599574400e+16,9.433477097304553416e-01,1.632620014128800978e+00
1.185999999999999943e+01,4.140000000000000902e-01,1.093601227729121200e+16,9.416463899986811104e-01,1.632577753643947194e+00
1.188000000000000078e+01,4.119999999999999218e-01,1.094425260377283200e+16,9.399842132267073325e-01,1.632554226405528386e+00
1.190000000000000036e+01,4.099999999999999756e-01,1.094448762598229800e+16,9.383625074546966260e-01,1.632549508747519251e+00
1.191999999999999993e+01,4.080000000000000293e-01,1.093671243003962800e+16,9.367824834059621519e-01,1.632563624052739026e+00
1.193999999999999950e+01,4.060000000000000830e-01,1.092093710802068800e+16,9.352452351581945766e-01,1.632596557407264060e+00
1.196000000000000085e+01,4.039999999999999147e-01,1.089720012668414800e+16,9.337517301712858764e-01,1.632648228949279190e+00
1.198000000000000043e+01,4.019999999999999685e-01,1.086556742498336400e+16,9.323028060442928311e-01,1.632718495550435023e+00
1.200000000000000000e+01,4.000000000000000222e-01,1.082612374143763200e+16,9.308991738704701646e-01,1.632807167283738092e+00
1.201999999999999957e+01,3.980000000000000759e-01,1.077896411626852400e+16,9.295414249680906682e-01,1.632914024656234586e+00
1.204000000000000092e+01,3.959999999999999076e-01,1.072422736731135200e+16,9.282300151566251767e-01,1.633038769250445998e+00
1.206000000000000050e+01,3.939999999999999614e-01,1.066205749231943600e+16,9.269652684395144338e-01,1.633181058229635996e+00
1.208000000000000007e+01,3.920000000000000151e-01,1.059262269121055600e+16,9.257473859810307903e-01,1.633340502372970349e+00
1.209999999999999964e+01,3.900000000000000688e-01,1.051611115526256000e+16,9.245764517224808188e-01,1.633516676846079818e+00
1.212000000000000099e+01,3.879999999999999005e-01,1.043272764745314000e+16,9.234524228364806575e-01,1.633709107166378960e+00
1.214000000000000057e+01,3.859999999999999543e-01,1.034269373163083200e+16,9.223751395132143704e-01,1.633917278228728120e+00
1.216000000000000014e+01,3.840000000000000080e-01,1.024624506417419600e+16,9.213443344529708146e-01,1.634140645239235967e+00
1.217999999999999972e+01,3.820000000000000617e-01,1.014363732732857800e+16,9.203596171969806727e-01,1.634378610579405589e+00
1.220000000000000107e+01,3.799999999999998934e-01,1.003513145071571200e+16,9.194205104836067344e-01,1.634630567332069351e+00
1.222000000000000064e+01,3.779999999999999472e-01,9.921002438405574000e+15,9.185264353730175912e-01,1.634895875488110217e+00
1.224000000000000021e+01,3.760000000000000009e-01,9.801542116421142000e+15,9.176767072223688260e-01,1.635173853546985301e+00
1.225999999999999979e+01,3.740000000000000546e-01,9.677033874417328000e+15,9.168705872240632271e-01,1.635463838836692663e+00
1.228000000000000114e+01,3.719999999999998863e-01,9.547789930663366000e+15,9.161072193340592529e-01,1.635765103044432012e+00
1.230000000000000071e+01,3.699999999999999400e-01,9.414113464895364000e+15,9.153856983118707769e-01,1.636076933698181524e+00
1.232000000000000028e+01,3.679999999999999938e-01,9.276309334704994000e+15,9.147050577170382502e-01,1.636398612882533854e+00
1.233999999999999986e+01,3.660000000000000475e-01,9.134698132973272000e+15,9.140642554483315863e-01,1.636729397617305182e+00
1.235999999999999943e+01,3.640000000000001013e-01,8.989594913369885000e+15,9.134622026387410054e-01,1.637068545522633922e+00
1.238000000000000078e+01,3.619999999999999329e-01,8.841313481827681000e+15,9.128977640202313726e-01,1.637415310796905388e+00
1.240000000000000036e+01,3.599999999999999867e-01,8.690168091131909000e+15,9.123697712157528006e-01,1.637768959667233570e+00
1.241999999999999993e+01,3.580000000000000404e-01,8.536471603050430000e+15,9.118770181244840733e-01,1.638128755758807342e+00
1.243999999999999950e+01,3.560000000000000941e-01,8.380531731780848000e+15,9.114182751889176037e-01,1.638493974275124554e+00
1.246000000000000085e+01,3.539999999999999258e-01,8.222652561376476000e+15,9.109922910290387810e-01,1.638863897767035116e+00
1.248000000000000043e+01,3.519999999999999796e-01,8.063132169009319000e+15,9.105977993553041605e-01,1.639237820906975118e+00
1.250000000000000000e+01,3.500000000000000333e-01,7.902262530180250000e+15,9.102335276882153048e-01,1.639615056255497638e+00
1.251999999999999957e+01,3.480000000000000870e-01,7.740327521882181000e+15,9.098981995146289137e-01,1.639994932071871192e+00
1.254000000000000092e+01,3.459999999999999187e-01,7.577603720975710000e+15,9.095905395029205698e-01,1.640376794619710754e+00
1.256000000000000050e+01,3.439999999999999725e-01,7.414357944129060000e+15,9.093092806273546103e-01,1.640760012778104571e+00
1.258000000000000007e+01,3.420000000000000262e-01,7.250848597949450000e+15,9.090531640896918342e-01,1.641143974119247062e+00
1.259999999999999964e+01,3.400000000000000799e-01,7.087323221555336000e+15,9.088209478418342036e-01,1.641528091761570440e+00
1.262000000000000099e+01,3.379999999999999116e-01,6.924019885266294000e+15,9.086114068942349187e-01,1.641911801254537284e+00
1.264000000000000057e+01,3.359999999999999654e-01,6.761165105796204000e+15,9.084233390008303877e-01,1.642294564620780717e+00
1.266000000000000014e+01,3.340000000000000191e-01,6.598975183629833000e+15,9.082555657919757497e-01,1.642675868249316551e+00
1.267999999999999972e+01,3.320000000000000728e-01,6.437654405612253000e+15,9.081069373407044676e-01,1.643055226475903963e+00
1.270000000000000107e+01,3.299999999999999045e-01,6.277396424744398000e+15,9.079763321174070256e-01,1.643432178452302495e+00
1.272000000000000064e+01,3.279999999999999583e-01,6.118382874285116000e+15,9.078626612235402016e-01,1.643806291595945712e+00
1.274000000000000021e+01,3.260000000000000120e-01,5.960784399304923000e+15,9.077648681457454183e-01,1.644177159108392017e+00
1.275999999999999979e+01,3.240000000000000657e-01,5.804759868979813000e+15,9.076819316020381390e-01,1.644544401848781590e+00
1.278000000000000114e+01,3.219999999999998974e-01,5.650457198108008000e+15,9.076128655761138697e-01,1.644907666630863519e+00
1.280000000000000071e+01,3.199999999999999512e-01,5.498012855234723000e+15,9.075567209556718584e-01,1.645266627117900837e+00
1.282000000000000028e+01,3.180000000000000049e-01,5.347552493266380000e+15,9.075125856128998247e-01,1.645620982420342271e+00
1.283999999999999986e+01,3.160000000000000586e-01,5.199190888624349000e+15,9.074795851515338185e-01,1.645970457370877771e+00
1.285999999999999943e+01,3.140000000000000568e-01,5.053032341181018000e+15,9.074568828876150572e-01,1.646314801518103277e+00
1.288000000000000078e+01,3.119999999999999440e-01,4.909170996286120000e+15,9.074436797430788237e-01,1.646653788430034293e+00
1.290000000000000036e+01,3.099999999999999978e-01,4.767691037421365000e+15,9.074392141517291233e-01,1.646987215273200578e+00
1.291999999999999993e+01,3.080000000000000515e-01,4.628667180444601000e+15,9.074427616686155940e-01,1.647314901500733786e+00
1.293999999999999950e+01,3.060000000000000497e-01,4.492164815515457500e+15,9.074536344662487153e-01,1.647636688721554776e+00
1.296000000000000085e+01,3.039999999999999369e-01,4.358240569597001000e+15,9.074711809389615080e-01,1.647952439264258828e+00
1.298000000000000043e+01,3.019999999999999907e-01,4.226942528350303000e+15,9.074947846561565168e-01,1.648262035747633192e+00
1.300000000000000000e+01,3.000000000000000444e-01,4.098310895235151000e+15,9.075238635728004599e-01,1.648565379521877095e+00
1.301999999999999957e+01,2.980000000000000426e-01,3.972378077205233000e+15,9.075578692257917357e-01,1.648862390436419023e+00
1.304000000000000092e+01,2.959999999999999298e-01,3.849169142985869000e+15,9.075962860327528858e-01,1.649153005573990471e+00
1.306000000000000050e+01,2.939999999999999281e-01,3.728702381809368500e+15,9.076386296592776626e-01,1.649437178315692476e+00
1.308000000000000007e+01,2.920000000000000373e-01,3.610989722790203500e+15,9.076844461954163279e-01,1.649714877292411064e+00
1.309999999999999964e+01,2.900000000000000355e-01,3.496036846826354000e+15,9.077333113072842963e-01,1.649986085775664080e+00
1.312000000000000099e+01,2.879999999999999227e-01,3.383843701379800000e+15,9.077848289367846935e-01,1.650250800602741874e+00
1.314000000000000057e+01,2.859999999999999210e-01,3.274405081666234500e+15,9.078386299596148401e-01,1.650509031154940187e+00
1.316000000000000014e+01,2.840000000000000302e-01,3.167710860988822000e+15,9.078943710680770218e-01,1.650760798561526688e+00
1.317999999999999972e+01,2.820000000000000284e-01,3.063746104426900500e+15,9.079517341072925740e-01,1.651006135058001423e+00
1.320000000000000107e+01,2.799999999999999156e-01,2.962491802259148000e+15,9.080104242114218627e-01,1.651245082843396217e+00
1.322000000000000064e+01,2.779999999999999138e-01,2.863925165392433500e+15,9.080701688975676422e-01,1.651477693348995190e+00
1.324000000000000021e+01,2.760000000000000231e-01,2.768019644907088000e+15,9.081307173194982374e-01,1.651704026613888043e+00
1.325999999999999979e+01,2.740000000000000213e-01,2.674745539281372500e+15,9.081918385268821226e-01,1.651924150334638908e+00
1.328000000000000114e+01,2.719999999999999085e-01,2.584070213068247000e+15,9.082533209431838950e-01,1.652138139371213343e+00
1.330000000000000071e+01,2.699999999999999067e-01,2.495958366674738500e+15,9.083149708900537522e-01,1.652346074862818481e+00
1.332000000000000028e+01,2.680000000000000160e-01,2.410372316299732500e+15,9.083766117580648336e-01,1.652548043647639187e+00
1.333999999999999986e+01,2.660000000000000142e-01,2.327272232041732500e+15,9.084380832713201404e-01,1.652744137753110021e+00
1.335999999999999943e+01,2.640000000000001235e-01,2.246616545342616500e+15,9.084992392028515829e-01,1.652934453381965652e+00
1.338000000000000078e+01,2.619999999999998996e-01,2.168361877721376750e+15,9.085599487856927947e-01,1.653119091058301349e+00
1.340000000000000036e+01,2.600000000000000089e-01,2.092463557307869000e+15,9.086200935457453554e-01,1.653298154437579992e+00
1.341999999999999993e+01,2.580000000000000071e-01,2.018875691419013750e+15,9.086795675560322971e-01,1.653471750137649909e+00
1.343999999999999950e+01,2.560000000000001164e-01,1.947551316338461500e+15,9.087382769275329508e-01,1.653639987381354759e+00
1.346000000000000085e+01,2.539999999999998925e-01,1.878442778389319250e+15,9.087961374047109908e-01,1.653802977073057123e+00
1.348000000000000043e+01,2.520000000000000018e-01,1.811501585576096000e+15,9.088530762806081853e-01,1.653960832091249555e+00
1.350000000000000000e+01,2.500000000000000000e-01,1.746678982681135000e+15,9.089090280603953076e-01,1.654113666034271901e+00
1.351999999999999957e+01,2.480000000000001092e-01,1.683925645159644750e+15,9.089639379090408422e-01,1.654261593824793319e+00
1.354000000000000092e+01,2.459999999999998854e-01,1.623192132829969750e+15,9.090177580640016464e-01,1.654404730732993212e+00
1.356000000000000050e+01,2.439999999999999947e-01,1.564429035478578750e+15,9.090704472615703802e-01,1.654543192128947071e+00
1.358000000000000007e+01,2.419999999999999929e-01,1.507586838726069250e+15,9.091219720175587327e-01,1.654677093421363931e+00
1.359999999999999964e+01,2.400000000000001021e-01,1.452616202398834500e+15,9.091723046554704979e-01,1.654806549608194732e+00
1.362000000000000099e+01,2.379999999999998783e-01,1.399468055483598500e+15,9.092214232201817348e-01,1.654931675290971516e+00
1.364000000000000057e+01,2.359999999999999876e-01,1.348093653177830000e+15,9.092693108123690582e-01,1.655052584197244769e+00
1.366000000000000014e+01,2.339999999999999858e-01,1.298444674001185250e+15,9.093159552511915766e-01,1.655169389062361329e+00
1.367999999999999972e+01,2.320000000000000950e-01,1.250473266837760750e+15,9.093613488078773344e-01,1.655282201495460681e+00
1.370000000000000107e+01,2.299999999999998712e-01,1.204132158323458500e+15,9.094054872536944112e-01,1.655391131732474985e+00
1.372000000000000064e+01,2.279999999999999805e-01,1.159374668058005750e+15,9.094483702287089466e-01,1.655496288647739345e+00
1.374000000000000021e+01,2.259999999999999787e-01,1.116154794227581375e+15,9.094900003783699116e-01,1.655597779479025089e+00
1.375999999999999979e+01,2.240000000000000879e-01,1.074427256708031875e+15,9.095303829842708021e-01,1.655695709758755019e+00
1.378000000000000114e+01,2.219999999999998641e-01,1.034147522686974875e+15,9.095695260629652612e-01,1.655790183204293609e+00
1.380000000000000071e+01,2.199999999999999734e-01,9.952718567750247500e+14,9.096074396963095277e-01,1.655881301641772385e+00
1.382000000000000028e+01,2.179999999999999716e-01,9.577573445655448750e+14,9.096441358717669567e-01,1.655969164929665283e+00
1.383999999999999986e+01,2.160000000000000808e-01,9.215619171011908750e+14,9.096796284785740871e-01,1.656053870906181391e+00
1.385999999999999943e+01,2.140000000000000790e-01,8.866443815308605000e+14,9.097139326357766009e-01,1.656135515300924066e+00
1.388000000000000078e+01,2.119999999999999662e-01,8.529644326727035000e+14,9.097470647671475064e-01,1.656214191701268934e+00
1.390000000000000036e+01,2.099999999999999645e-01,8.204826634240646250e+14,9.097790425330147812e-01,1.656289991529938277e+00
1.391999999999999993e+01,2.080000000000000737e-01,7.891605849634605000e+14,9.098098843036032113e-01,1.656363003999830052e+00
1.393999999999999950e+01,2.060000000000000719e-01,7.589606299579857500e+14,9.098396090960394478e-01,1.656433316098443687e+00
1.396000000000000085e+01,2.039999999999999591e-01,7.298461478265787500e+14,9.098682366677242062e-01,1.656501012575228859e+00
1.398000000000000043e+01,2.019999999999999574e-01,7.017814195804150000e+14,9.098957870938677583e-01,1.656566175937048468e+00
1.400000000000000000e+01,1.999999999999999556e-01,6.747316517057943750e+14,9.099222807941721447e-01,1.656628886435870696e+00
1.401999999999999957e+01,1.980000000000000648e-01,6.486629740038762500e+14,9.099477382959563210e-01,1.656689222074870127e+00
1.404000000000000092e+01,1.959999999999999520e-01,6.235424320903811250e+14,9.099721802664924031e-01,1.656747258619235108e+00
1.406000000000000050e+01,1.939999999999999503e-01,5.993379842160023750e+14,9.099956271948848041e-01,1.656803069607434509e+00
1.408000000000000007e+01,1.919999999999999485e-01,5.760184882312083750e+14,9.100180998143821975e-01,1.656856726370237398e+00
1.409999999999999964e+01,1.900000000000000577e-01,5.535536971604032500e+14,9.100396181720912248e-01,1.656908298040464356e+00
1.412000000000000099e+01,1.879999999999999449e-01,5.319142452473018125e+14,9.100602023860842049e-01,1.656957851582540941e+00
1.414000000000000057e+01,1.859999999999999432e-01,5.110716343701762500e+14,9.100798723257051970e-01,1.657005451815696917e+00
1.416000000000000014e+01,1.839999999999999414e-01,4.909982235779106250e+14,9.100986470231303693e-01,1.657051161436559727e+00
1.417999999999999972e+01,1.820000000000000506e-01,4.716672104681590000e+14,9.101165455015862715e-01,1.657095041060218321e+00
1.420000000000000107e+01,1.799999999999999378e-01,4.530526199430410000e+14,9.101335862518510345e-01,1.657137149240655249e+00
1.422000000000000064e+01,1.779999999999999361e-01,4.351292876553447500e+14,9.101497868356555054e-01,1.657177542505415602e+00
1.424000000000000021e+01,1.759999999999999343e-01,4.178728417453090625e+14,9.101651647998576511e-01,1.657216275390569038e+00
1.425999999999999979e+01,1.740000000000000435e-01,4.012596889383832500e+14,9.101797368299271440e-01,1.657253400473815974e+00
1.428000000000000114e+01,1.719999999999999307e-01,3.852669954819090000e+14,9.101935188222656237e-01,1.657288968410336238e+00
1.430000000000000071e+01,1.699999999999999289e-01,3.698726684204251875e+14,9.102065262545078195e-01,1.657323027971274509e+00
1.432000000000000028e+01,1.679999999999999272e-01,3.550553413404431250e+14,9.102187738861262645e-01,1.657355626076404631e+00
1.433999999999999986e+01,1.660000000000000364e-01,3.407943540512821875e+14,9.102302757884730422e-01,1.657386807831220610e+00
1.435999999999999943e+01,1.640000000000000346e-01,3.270697356891160625e+14,9.102410451381990342e-01,1.657416616562725764e+00
1.438000000000000078e+01,1.619999999999999218e-01,3.138621866247979375e+14,9.102510946081837639e-01,1.657445093856512841e+00
1.440000000000000036e+01,1.599999999999999201e-01,3.011530600789601250e+14,9.102604362735338128e-01,1.657472279593262598e+00
1.441999999999999993e+01,1.580000000000000293e-01,2.889243444673950625e+14,9.102690805150850384e-01,1.657498211984003378e+00
1.443999999999999950e+01,1.560000000000000275e-01,2.771586453151743125e+14,9.102770383074909599e-01,1.657522927605652896e+00
1.446000000000000085e+01,1.539999999999999147e-01,2.658391689374213125e+14,9.102843189863687456e-01,1.657546461433539786e+00
1.448000000000000043e+01,1.519999999999999130e-01,2.549497048445835000e+14,9.102909309409895622e-01,1.657568846875508317e+00
1.450000000000000000e+01,1.500000000000000222e-01,2.444746068552075938e+14,9.102968830362220265e-01,1.657590115805680497e+00
1.451999999999999957e+01,1.480000000000000204e-01,2.343987770111024688e+14,9.103021813014768870e-01,1.657610298598224174e+00
1.454000000000000092e+01,1.459999999999999076e-01,2.247076498179317188e+14,9.103068330214476589e-01,1.657629424156594311e+00
1.456000000000000050e+01,1.439999999999999059e-01,2.153871741229194062e+14,9.103108431019674152e-01,1.657647519945757209e+00
1.458000000000000007e+01,1.420000000000000151e-01,2.064237981931265312e+14,9.103142163197419645e-01,1.657664612019074779e+00
1.459999999999999964e+01,1.400000000000000133e-01,1.978044543652727500e+14,9.103169579834714531e-01,1.657680725046174031e+00
1.462000000000000099e+01,1.379999999999999005e-01,1.895165405893915312e+14,9.103190680614435815e-01,1.657695882348078298e+00
1.464000000000000057e+01,1.359999999999998987e-01,1.815479093113211875e+14,9.103205520098572867e-01,1.657710105908761777e+00
1.466000000000000014e+01,1.340000000000000080e-01,1.738868478303157812e+14,9.103214086436393071e-01,1.657723416416784001e+00
1.467999999999999972e+01,1.320000000000000062e-01,1.665220695110915625e+14,9.103216407724543657e-01,1.657735833272834913e+00
1.470000000000000107e+01,1.299999999999998934e-01,1.594426943521704062e+14,9.103212458794249784e-01,1.657747374626806103e+00
1.472000000000000064e+01,1.279999999999998916e-01,1.526382386259567812e+14,9.103202246686397103e-01,1.657758057387345385e+00
1.474000000000000021e+01,1.260000000000000009e-01,1.460985986172687812e+14,9.103185734889189806e-01,1.657767897252219402e+00
1.475999999999999979e+01,1.239999999999999991e-01,1.398140400255041719e+14,9.103162906745773109e-01,1.657776908715615560e+00
1.478000000000000114e+01,1.219999999999998863e-01,1.337751828929962812e+14,9.103133713601139210e-01,1.657785105094180311e+00
1.480000000000000071e+01,1.199999999999998845e-01,1.279729907794516875e+14,9.103098115055352491e-01,1.657792498540494819e+00
1.482000000000000028e+01,1.179999999999999938e-01,1.223987575785173281e+14,9.103056050275981637e-01,1.657799100059969222e+00
1.483999999999999986e+01,1.159999999999999920e-01,1.170440972406689375e+14,9.103007471527584382e-01,1.657804919516848940e+00
1.485999999999999943e+01,1.140000000000001013e-01,1.119009303298134844e+14,9.102952291538715102e-01,1.657809965655835160e+00
1.488000000000000078e+01,1.119999999999998774e-01,1.069614712159550781e+14,9.102890357496595808e-01,1.657814246118087143e+00
1.490000000000000036e+01,1.099999999999999867e-01,1.022182264789457031e+14,9.102821711316273490e-01,1.657817767412766985e+00
1.491999999999999993e+01,1.079999999999999849e-01,9.766396850622559375e+13,9.102746113934507832e-01,1.657820534990586570e+00
1.493999999999999950e+01,1.060000000000000941e-01,9.329174411471250000e+13,9.102663558374158859e-01,1.657822553179374436e+00
1.496000000000000085e+01,1.039999999999998703e-01,8.909484960260570312e+13,9.102573867505535654e-01,1.657823825244369997e+00
1.498000000000000043e+01,1.019999999999999796e-01,8.506682671773898438e+13,9.102476867791517989e-01,1.657824353367904235e+00
1.500000000000000000e+01,9.999999999999997780e-02,8.120145737285906250e+13,9.102372522869537352e-01,1.657824138631199373e+00
1.501999999999999957e+01,9.800000000000008704e-02,7.749274366142584375e+13,9.102260523187482022e-01,1.657823181072741292e+00
1.504000000000000092e+01,9.599999999999986322e-02,7.393491583829728125e+13,9.102140880988581761e-01,1.657821479615261495e+00
1.506000000000000050e+01,9.399999999999997247e-02,7.052240541242143750e+13,9.102013282680516681e-01,1.657819032136328641e+00
1.508000000000000007e+01,9.199999999999997069e-02,6.724985041244518750e+13,9.101877558449830152e-01,1.657815835411335481e+00
1.509999999999999964e+01,9.000000000000007994e-02,6.411208497205294531e+13,9.101733576941987147e-01,1.657811885119109707e+00
1.512000000000000099e+01,8.799999999999985612e-02,6.110412458343610156e+13,9.101580987962772928e-01,1.657807175868425187e+00
1.514000000000000057e+01,8.599999999999996536e-02,5.822117173539945312e+13,9.101419759137205912e-01,1.657801701115579673e+00
1.516000000000000014e+01,8.399999999999996358e-02,5.545859315594786719e+13,9.101249462889781094e-01,1.657795453251714735e+00
1.517999999999999972e+01,8.200000000000007283e-02,5.281192637863366406e+13,9.101069901295721909e-01,1.657788423512247089e+00
1.520000000000000107e+01,7.999999999999984901e-02,5.027686912301486719e+13,9.100880897889631616e-01,1.657780601987818070e+00
1.522000000000000064e+01,7.799999999999995826e-02,4.784926585666849219e+13,9.100681971662863967e-01,1.657771977646917971e+00
1.524000000000000021e+01,7.599999999999995648e-02,4.552511751794921875e+13,9.100473092873981873e-01,1.657762538227830262e+00
1.525999999999999979e+01,7.400000000000006573e-02,4.330055705171283594e+13,9.100253747181064057e-01,1.657752270335141942e+00
1.528000000000000114e+01,7.199999999999984190e-02,4.117185685354162500e+13,9.100023624573569947e-01,1.657741159334926051e+00
1.530000000000000071e+01,6.999999999999995115e-02,3.913542172088800781e+13,9.099782520825787646e-01,1.657729189342672882e+00
1.532000000000000028e+01,6.799999999999994937e-02,3.718777497718055469e+13,9.099529832187671641e-01,1.657716343262828129e+00
1.533999999999999986e+01,6.600000000000005862e-02,3.532556962822222656e+13,9.099265489978323185e-01,1.657702602648727153e+00
1.535999999999999943e+01,6.400000000000005684e-02,3.354556570914330078e+13,9.098988889439126870e-01,1.657687947803246686e+00
1.538000000000000078e+01,6.199999999999994404e-02,3.184463622375214453e+13,9.098699583505556188e-01,1.657672357671999608e+00
1.540000000000000036e+01,5.999999999999994227e-02,3.021976516583682422e+13,9.098397278772644148e-01,1.657655809779280176e+00
1.541999999999999993e+01,5.800000000000005151e-02,2.866803355065795312e+13,9.098081502728649905e-01,1.657638280293062705e+00
1.543999999999999950e+01,5.600000000000004974e-02,2.718662737808992188e+13,9.097751735131438533e-01,1.657619743913758104e+00
1.546000000000000085e+01,5.399999999999993694e-02,2.577281991215297656e+13,9.097407565109986161e-01,1.657600173849431924e+00
1.548000000000000043e+01,5.199999999999993516e-02,2.442398347928815625e+13,9.097048349626051245e-01,1.657579541800607625e+00
1.550000000000000000e+01,5.000000000000004441e-02,2.313757287198615234e+13,9.096673554889225244e-01,1.657557817908620335e+00
1.551999999999999957e+01,4.800000000000004263e-02,2.191112974246756250e+13,9.096282830932886920e-01,1.657534970689509723e+00
1.554000000000000092e+01,4.599999999999992983e-02,2.074228001309548828e+13,9.095875362632426242e-01,1.657510967007226999e+00
1.556000000000000050e+01,4.399999999999992806e-02,1.962872624826435156e+13,9.095450727244489553e-01,1.657485771968262522e+00
1.558000000000000007e+01,4.200000000000003730e-02,1.856824716816911328e+13,9.095008500751087244e-01,1.657459349020727002e+00
1.559999999999999964e+01,4.000000000000003553e-02,1.755869740563974023e+13,9.094547563639648891e-01,1.657431659609880370e+00
1.562000000000000099e+01,3.799999999999992273e-02,1.659800157767366797e+13,9.094066685174893028e-01,1.657402663311062785e+00
1.564000000000000057e+01,3.599999999999992095e-02,1.568415478163543750e+13,9.093566475107518476e-01,1.657372318027187763e+00
1.566000000000000014e+01,3.400000000000003020e-02,1.481521604875343750e+13,9.093045768214796931e-01,1.657340579467698971e+00
1.567999999999999972e+01,3.200000000000002842e-02,1.398930716520003320e+13,9.092503137307783589e-01,1.657307401296286731e+00
1.570000000000000107e+01,2.999999999999991562e-02,1.320461681214063086e+13,9.091937863386965191e-01,1.657272735030925093e+00
1.572000000000000064e+01,2.799999999999991385e-02,1.245940391304329883e+13,9.091350289806159335e-01,1.657236529886199516e+00
1.574000000000000021e+01,2.600000000000002309e-02,1.175196946071723242e+13,9.090738521784553772e-01,1.657198733011046698e+00
1.575999999999999979e+01,2.400000000000002132e-02,1.108067553404388086e+13,9.090101076842278527e-01,1.657159289182648321e+00
1.578000000000000114e+01,2.199999999999990852e-02,1.044394994312263086e+13,9.089437825782658020e-01,1.657118140438917919e+00
1.580000000000000071e+01,1.999999999999990674e-02,9.840276844778986328e+12,9.088748720950026172e-01,1.657075226223595710e+00
1.582000000000000028e+01,1.800000000000001599e-02,9.268176466831031250e+12,9.088031462093614232e-01,1.657030483818189737e+00
1.583999999999999986e+01,1.600000000000001421e-02,8.726227912598008789e+12,9.087284719526016463e-01,1.656983847592411241e+00
1.586000000000000121e+01,1.399999999999990141e-02,8.213068856393009766e+12,9.086508214532637018e-01,1.656935248932325688e+00
1.588000000000000078e+01,1.199999999999989964e-02,7.727378750327386719e+12,9.085700592667246278e-01,1.656884616502497298e+00
1.590000000000000036e+01,1.000000000000000888e-02,7.267885973091190430e+12,9.084860505313034906e-01,1.656831875942177401e+00
1.591999999999999993e+01,8.000000000000007105e-03,6.833364625306331055e+12,9.083986755961059867e-01,1.656776949606544092e+00
1.593999999999999950e+01,6.000000000000005329e-03,6.422633738633133789e+12,9.083078020530666041e-01,1.656719756626908735e+00
1.596000000000000085e+01,3.999999999999892530e-03,6.034560257804199219e+12,9.082133128405400768e-01,1.656660212948025457e+00
1.598000000000000043e+01,2.000000000000001776e-03,5.668052632672686523e+12,9.081150172093387374e-01,1.656598231035250279e+00
1.600000000000000000e+01,0.000000000000000000e+00,5.322058577729958984e+12,9.080128077670994724e-01,1.656533719574254437e+00
